{
  "resource_pack_name": "vanilla",
  "texture_name": "atlas.items",
  "texture_data": {
        "jetpack": {
      "textures": "textures/items/jetpack/jetpack"
    },
  "supreme_jetpack": {
      "textures": "textures/items/jetpack/supreme_jetpack"
  },
  "advanced_jetpack": {
      "textures": "textures/items/jetpack/advanced_jetpack"
  },
          "rainbow_jetpack": {
      "textures": "textures/items/jetpack/rainbow_jetpack"
    },
        "rich_jetpack": {
      "textures": "textures/items/jetpack/rich/rich_jetpack"
    },
    "bucket_fuel": {
      "textures": "textures/items/fuel/bucket_fuel"
  },
      "rainbow_fuel": {
      "textures": "textures/items/fuel/rainbow_fuel"
  },
  "ender_fuel": {
      "textures": "textures/items/fuel/ender_fuel"
  },
    "star_fuel": {
      "textures": "textures/items/fuel/star_fuel"
  },
    "normal_jetpack_recipe": {
      "textures": "textures/items/normal_jetpack_recipe"
  },
      "advanced_jetpack_recipe": {
      "textures": "textures/items/advanced_jetpack_recipe"
  },
    "supreme_jetpack_recipe": {
      "textures": "textures/items/supreme_jetpack_recipe"
  },
        "rainbow_jetpack_recipe": {
      "textures": "textures/items/rainbow_jetpack_recipe"
  },
      "rich_jetpack_recipe": {
      "textures": "textures/items/rich_jetpack_recipe"
  },
    "bucket_coal_recipe": {
      "textures": "textures/items/bucket_coal_recipe"
  },
      "rainbow_fuel_recipe": {
      "textures": "textures/items/rainbow_fuel_recipe"
  },
      "star_fuel_recipe": {
      "textures": "textures/items/star_fuel_recipe"
  },
  
    "bucket_ender_recipe": {
      "textures": "textures/items/bucket_ender_recipe"
  },
          "jetpack1": {
      "textures": "textures/items/jetpack/rich/jetpack1"
    },
              "jetpack2": {
      "textures": "textures/items/jetpack/rich/jetpack2"
    },
          "jetpack3": {
      "textures": "textures/items/jetpack/rich/jetpack3"
    },
          "jetpack4": {
      "textures": "textures/items/jetpack/rich/jetpack4"
    }
}
}