{
  "minecraft:entity": {
    "format_version": 0.1,

    "component_groups": {
      "minecraft:golem_leashed": {
          "minecraft:behavior.move_towards_restriction": {
          "priority": 2,
          "speed_multiplier": 1.0
        }
      }
    },

    "components": {
      "minecraft:identifier": {
        "id": "minecraft:irongolem"
      },
      "minecraft:type_family": {
        "family": [ "monster" ]
      },
	  "minecraft:nameable": {
	  },
	  "minecraft:scale":{
		"value": 2.0
	  },
      "minecraft:collision_box": {
        "width": 1.4,
        "height": 2.9
      },
      "minecraft:loot": {
        "table": "loot_tables/entities/iron_golem.json"
      },
      "minecraft:health": {
        "value": 75,
        "max": 75
      },
      "minecraft:movement": {
        "value": 0.15
      },
     "minecraft:attack": {
      "damage": 2
     },
     "minecraft:fall_damage": {
       "value": 0.0
      },
      "minecraft:leashable": {
        "soft_distance": 4.0,
        "hard_distance": 6.0,
        "max_distance": 10.0,
        "on_leash": {
          "event": "minecraft:on_leash",
          "target": "self"
        },
        "on_unleash": {
          "event": "minecraft:on_unleash",
          "target": "self"
        }
      },
      "minecraft:behavior.melee_attack": {
        "priority": 1,
        "target_dist": 1.0,
        "track_target": true
      },
      "minecraft:behavior.move_towards_target": {
        "priority": 2,
        "speed_multiplier": 0.9,
        "within_radius": 32
      },
      "minecraft:behavior.move_towards_restriction": {
        "priority": 4,
        "speed_multiplier": 1
      },
      "minecraft:behavior.offer_flower": {
        "priority": 5
      },
      "minecraft:behavior.random_stroll": {
        "priority": 6,
        "speed_multiplier": 1,
        "xz_dist": 0.6
      },
      "minecraft:behavior.look_at_player": {
        "priority": 7,
        "look_distance": 6.0,
        "probability": 0.02
      },
      "minecraft:behavior.random_look_around": {
        "priority": 8
      },
      "minecraft:behavior.hurt_by_target": {
        "priority": 2
      },
      "minecraft:behavior.nearest_attackable_target": {
        "priority": 3,
        "entity_types": [
          {
            "filters": { "other_with_families": [ "player", "skeleton" ] },
            "max_dist": 20
          }
        ],
        "within_default": 100,
        "must_see": false,
        "must_reach": true
      }
    },

    "events": {
      "minecraft:on_leash": {
        "add": {
          "component_groups": [
            "minecraft:golem_leashed"
          ]
        }
      },
      "minecraft:on_unleash": {
        "remove": {
          "component_groups": [
            "minecraft:golem_leashed"
          ]
        }
      }
    }
  }
}