{
  "minecraft:entity": {
    "format_version": 0.1,

    "component_groups": {
    },

    "components": {
      "minecraft:identifier": {
        "id": "minecraft:husk"
      },
	  "minecraft:nameable": {
	  },
	  "minecraft:collision_box": {
        "width": 0.6,
        "height": 1.95
      },
	  "minecraft:scale":{
		"value": 1
	  },
      "minecraft:movement": {
        "value": 0.12,
        "max": 0.12
      },
      "minecraft:variant": {
        "value": 2
      }, 
      "minecraft:type_family": {
        "family":["zombie_husk", "undead", "monster"]          
      },
      "minecraft:loot_table": {
        "id": "loot.tables.entities.zombie"
      },
	  "minecraft:fall_damage":{
		"value":0
	  },
	  "minecraft:attack_damage":{
		"value": 0
	  },
      "minecraft:health": {
        "value": 20,
        "max": 20
      },
      "minecraft:behavior.float": {
        "priority": 0
      },
      "minecraft:behavior.break_door": {
        "priority": 1
      },
      "minecraft:behavior.hurt_by_target": {
        "priority": 3
      },
      "minecraft:behavior.move_towards_restriction": {
        "priority": 4,
        "speed_modifier": 1
      },
      "minecraft:behavior.nearest_attackable_target": {
        "priority": 5,
        "entity_types": [
          {
            "filters": {"other_with_families": [ "player", "skeleton"]},
            "max_dist": 20
          }
        ],
            "must_see": false
      },
      "minecraft:behavior.random_stroll": {
        "priority": 6,
        "speed_modifier": 1
      },
      "minecraft:behavior.look_at_player": {
        "priority": 7,
        "look_distance": 6,
        "probability": 0.02
      },
      "minecraft:behavior.random_look_around": {
        "priority": 7
      },
	  "minecraft:shooter": {
        "type": "smallfireball",
        "def": "minecraft:fireball.small"
      },
	  "minecraft:behavior.ranged_attack": {
        "priority": 1,
        "attack_interval_min": 3,
        "attack_interval_max": 5,
        "attack_radius": 16
      }
    },

    "events": {
      
    }
  }
}
