{
    "pools": [
        {
            "rolls": 1,
            "entries": [
                {
                    "type": "item",
                    "name": "test:energized_cell",
                    "weight": 1,
                    "functions": [
                        {
                            "function": "set_count",
                            "count": {
                                "min": 35,
                                "max": 55
                            }
                        },
                        {
                            "function": "looting_enchant",
                            "count": {
                                "min": 35,
                                "max": 55
                            }
                        }
                    ]
                }
            ]
        },
        {
            "rolls": 1,
            "entries": [
                {
                    "type": "item",
                    "name": "test:membrane",
                    "weight": 1,
                    "functions": [
                        {
                            "function": "set_count",
                            "count": {
                                "min": 20,
                                "max": 40
                            }
                        },
                        {
                            "function": "looting_enchant",
                            "count": {
                                "min": 25,
                                "max": 50
                            }
                        }
                    ]
                }
            ]
        }
    ]
}