{
  "format_version": "1.16.100",
  "minecraft:block": {
    "description": {
      "identifier": "sswm:crate"
    },
    "components": {
      "minecraft:loot": "loot_tables/blocks/sswm_crate.json",
      "minecraft:destroy_time": 1.0,
      "minecraft:friction": 0.7,
      "minecraft:map_color": "#FFFFFF",
      "minecraft:block_light_absorption": 6.0,
      "minecraft:block_light_emission": 0.5,
      "minecraft:explosion_resistance": 1.0,
      "minecraft:geometry": "geometry.block",
      "minecraft:material_instances": {
        "*": {
          "texture": "sswm_crate",
          "render_method": "blend"
        }
      },
      "minecraft:on_placed": {
        "event": "size:block",
        "target": "self"
      },
      "minecraft:on_player_destroyed": {
        "event": "remove:block",
        "target": "self"
      }
    },
    "events": {
      "size:block": {
        "run_command": {
          "command": []
        }
      },
      "remove:block": {
        "run_command": {
          "command": []
        }
      }
    }
  }
}