{
    "format_version": "1.13.0",
    "minecraft:feature_rules": {
        "description": {
            "identifier": "minecraft:Asteroid_Diamond",
            "places_feature": "minecraft:asteroid_diamond"
        },
        "conditions": {
            "placement_pass": "surface_pass",
            "minecraft:biome_filter": [
                {
                    "all_of": [
                        {
                            "any_of": [
                            {
                                "test": "has_biome_tag",
                                "operator": "==",
                                "value": "overworld"
                            },
                            {
                                "test": "has_biome_tag",
                                "operator": "==",
                            "value": "overworld_generation"
                            }
                          ]
                        }
                    ]
                }
            ]
        },
        "distribution": {
            "iterations": 0.3,
            "scatter_chance": 0.3,
            "x": 0,
            "y": "query.heightmap(variable.worldx, variable.worldz) + -5",
            "z": 0
        }
    }
}
