{
	"format_version": "1.8.0",
	"minecraft:spawn_rules": {
		"description": {
			"identifier": "space:space_skeleton",
			"population_control": "monster"
		},
		"conditions": [{
			"minecraft:spawns_on_block_filter": [
				"space:moon_middle",
				"space:moon_dirt",
				"space:mars_middle",
				"space:mars_dirt",
				"space:venus_middle",
				"space:venus_dirt",
				"space:mercury_dirt",
				"space:mercury_middle"
			],
			"minecraft:spawns_on_surface": {},
			"minecraft:brightness_filter": {
				"min": 0,
				"max": 7,
				"adjust_for_weather": true
			},
			"minecraft:difficulty_filter": {
				"min": "easy",
				"max": "hard"
			},
			"minecraft:weight": {
				"default": 100
			},
			"minecraft:herd": {
				"min_size": 2,
				"max_size": 4
			},
			"minecraft:biome_filter": {
				"test": "has_biome_tag",
				"operator": "==",
				"value": "monster"
			}
		}]
	}
}