{
	"num_mip_levels": 4,
	"padding": 8,
	"resource_pack_name": "Cosmos",
	"texture_name": "atlas.terrain",
	"texture_data": {
		"cosmo_moon_rock": {
			"textures": "textures/blocks/moon_rock"
		},
		"cosmo_oil": {
			"textures": "textures/blocks/oil"
		},
		"cosmo_mars_rock": {
			"textures": "textures/blocks/mars_rock"
		},
		"cosmo_basin": {
			"textures": "textures/blocks/basin"
		},
		"cosmo_rocket_table": {
			"textures": "textures/blocks/rocket_table"
		},
		"cosmo_mars_soil": {
			"textures": "textures/blocks/mars_soil"
		}
	}
}