{
  "format_version": "1.10.0",
  "animation_controllers": {
    "controller.animation.sp_eti_derose": {
      "initial_state": "default",
      "states": {
        "default": {
          "transitions": [
            {
              "shoot": "query.mark_variant == 1 && query.get_equipped_item_name=='eti_derose' && query.item_remaining_use_duration > 0"
            }
          ]
        },
        "shoot": {
          "transitions": [
            {
              "default": "query.mark_variant == 1 && query.get_equipped_item_name=='eti_derose' && query.item_remaining_use_duration > 0"
            }
          ],
          "on_entry": [
            "@s sp:eti_derose_fire",
            "/playsound sp_eti_derose_shot"
          ],
          "on_exit": [
            "/clear @s sp:eti_derose 0 1"
          ]
        }
      }
    }
  }
}