{
  "format_version": "1.10.0",
  "animation_controllers": {
    "controller.animation.sp_m12_21": {
      "initial_state": "default",
      "states": {
        "default": {
          "transitions": [
            {
              "shoot": "query.mark_variant == 1 && query.get_equipped_item_name=='m12_21' && query.item_remaining_use_duration > 0"
            }
          ]
        },
        "shoot": {
          "transitions": [
            {
              "default": "query.mark_variant == 1 && query.get_equipped_item_name=='m12_21' && query.item_remaining_use_duration > 0"
            }
          ],
          "on_entry": [
            "@s sp:m12_21_fire",
            "/playsound sp_m12_21_shot"
          ],
          "on_exit": [
            "/replaceitem entity @s slot.weapon.mainhand 0 sp:m12_21 2 1"
          ]
        }
      }
    }
  }
}