{
  "format_version": "1.10.0",
  "animations": {
    "animation.launch_overworld": {
      "loop": true,
      "animation_length": 21,
      "timeline": {
        "0.0": [
          "/replaceitem entity @s[type=cosmo:rocket, c=1] slot.inventory 0 air",
          "/replaceitem entity @s[type=cosmo:rocket, c=1] slot.inventory 1 air",
          "/title @p actionbar Launching in: 5",
          "/camerashake add @a[r=100] 0.05"
        ],
        "1.0": [
          "/title @p actionbar Launching in: 4",
          "/camerashake add @a[r=100] 0.05"
        ],
        "2.0": [
          "/title @p actionbar Launching in: 3",
          "/camerashake add @a[r=100] 0.05"
        ],
        "3.0": [
          "/title @p actionbar Launching in: 2",
          "/camerashake add @a[r=100] 0.05",
          "/tag @s add flame_particles"
        ],
        "4.0": [
          "/title @p actionbar Launching in: 1",
          "/camerashake add @a[r=100] 0.05"
        ],
        "5.0": [
          "/playsound rocket_launch @a ~ ~ ~ 0.5",
          "/camerashake add @p 0.8 10",
          "/effect @s levitation 10 12 true"
        ],
        "7.0": [
          "/effect @s levitation 15 30 true"
        ],
        "20.0": [
          "/event entity @s launched_overworld"
        ]
      }
    }
  }
}