{
    "format_version": "1.10.0",
    "animations": {
        "animation.space_suit": {
            "loop": true,
            "animation_length": 1,
            "timeline": {
                "0.0": [
                    "/title @s[tag=moon] actionbar No oxygen!",
                    "/effect @s[tag=moon] wither 1 1",
                    "/title @s[tag=mars] actionbar No oxygen!",
                    "/effect @s[tag=mars] wither 1 1"
                ]
            }
        }
    }
}