{
	"doorknock": {
		"category": "music",
		"sounds": [
			"sounds/doorknock"
		]
	},
	"creepyambient": {
		"category": "music",
		"sounds": [
			"sounds/creepyambient"
		]
	},
    "clink": {
		"category": "music",
		"sounds": [
			"sounds/clink"
		]
	},
    "creepywind": {
		"category": "music",
		"sounds": [
			"sounds/creepywind"
		]
	},
    "dawn": {
		"category": "music",
		"sounds": [
			"sounds/dawn"
		]
	},
    "lullaby": {
		"category": "music",
		"sounds": [
			"sounds/lullaby"
		]
	},
    "scaryviolins": {
		"category": "music",
		"sounds": [
			"sounds/scaryviolins"
		]
	},
    "lampon": {
		"category": "neutral",
		"sounds": [
			"sounds/lampon"
		]
	},
    "lampoff": {
		"category": "neutral",
		"sounds": [
			"sounds/lampoff"
		]
	}
}