{
  "format_version": "1.13.0",
  "minecraft:entity": {
    "description": {
      "identifier": "spacecraft:chunk_loader",
      "is_spawnable": false,
      "is_summonable": true,
      "is_experimental": false,
	  "scripts": {
	    "animate": [
            "chunk"
		]
	  },
        "animations": {
            "chunk": "controller.animation.chunk_loader_chunk"
        }
    },

    "component_groups": {
    },

    "components": {
      "minecraft:experience_reward": {
        "on_death": "query.last_hit_by_player ? 0 : 0"
      },
      "minecraft:type_family": {
        "family": ["mob"]
      },

      "minecraft:breathable": {
        "total_supply": 20,
        "suffocate_time": 0
      },
      "minecraft:loot": {
        "table": "loot_tables/entities/nothing.json"
      },
      "minecraft:collision_box": {
        "width": 1,
        "height": 1
      },
	  "minecraft:knockback_resistance": {
	    "value": 20
	  },
	  "minecraft:movement.basic": {},
	  "minecraft:jump.static": {},
      "minecraft:health": {
        "value": 1,
        "max": 1
      },
      "minecraft:movement": {
        "value": 0.0,
        "max": 0.0
      },
      "minecraft:persistent": {
      },
      "minecraft:pushable": {
        "is_pushable": false,
        "is_pushable_by_piston": false
      }
    },

    "events": {
    }
  }
}