{
	"format_version": "1.17.0",
	"minecraft:block": {
		"description": {
			"identifier": "cosmo:basin_metal_sheet",
			"is_experimental": false
		},
		"components": {
			"minecraft:geometry": "geometry.basin_metal_sheet",
			"minecraft:material_instances": {
				"*": {
					"texture": "cosmo_basin",
					"render_method": "alpha_test"
				}
			},
			"minecraft:pick_collision": {
				"origin": [
					-8,
					0,
					-8
				],
				"size": [
					16,
					16,
					16
				]
			},
			"minecraft:entity_collision": {
				"origin": [
					-8,
					0,
					-8
				],
				"size": [
					16,
					16,
					16
				]
			},
			"minecraft:on_interact": {
				"event": "fill"
			}
		},
		"events": {
			"fill": {
				"set_block_at_pos": {
					"block_type": "cosmo:basin_empty"
				},
				"spawn_loot": {
					"table": "loot_tables/metal_sheet.json"
				}
			}
		}
	}
}