{
	"file_path": "C:\\Users\\Reda\\AppData\\Local\\Packages\\Microsoft.MinecraftUWP_8wekyb3d8bbwe\\LocalState\\games\\com.mojang\\development_behavior_packs\\[B] BlockPlus\\loot_tables\\entities\\industrial.page.json",
	"file_type": "loot_table",
	"format_version": 1,
	"file_uuid": "9b351aed_46a4_4fcc_a075_dbe3abe6abc9",
	"file_version": 0,
	"cache_content": {
		"children": [
			{
				"open": {
					"pools": {
						"0": {
							"rolls": 1,
							"entries": [
								{
									"type": "item",
									"name": "design:industrial_block",
									"weight": 1
								}
							]
						},
						"1": {
							"rolls": 1,
							"entries": [
								{
									"type": "item",
									"name": "design:hardened_concrete",
									"weight": 1
								}
							]
						},
						"2": {
							"rolls": 1,
							"entries": [
								{
									"type": "item",
									"name": "design:nailed_hardened_concrete",
									"weight": 1
								}
							]
						},
						"3": {
							"rolls": 1,
							"entries": [
								{
									"type": "item",
									"name": "design:compressed_cobblestone",
									"weight": 1
								}
							]
						},
						"4": {
							"rolls": 1,
							"entries": [
								{
									"type": "item",
									"name": "design:vent",
									"weight": 1
								}
							]
						},
						"5": {},
						"6": {
							"rolls": 1,
							"entries": [
								{
									"type": "item",
									"name": "design:wall_design",
									"weight": 1
								}
							]
						},
						"7": {
							"rolls": 1,
							"entries": [
								{
									"type": "item",
									"name": " design:vent_fan",
									"weight": 1
								}
							]
						},
						"rolls": 1,
						"entries": [
							{
								"type": "item",
								"name": "design:vent1",
								"weight": 1
							}
						]
					}
				},
				"key": "pools",
				"children": [
					{
						"open": {
							"0": {
								"rolls": 1,
								"entries": [
									{
										"type": "item",
										"name": "design:industrial_block",
										"weight": 1
									}
								]
							},
							"1": {
								"rolls": 1,
								"entries": [
									{
										"type": "item",
										"name": "design:hardened_concrete",
										"weight": 1
									}
								]
							},
							"2": {
								"rolls": 1,
								"entries": [
									{
										"type": "item",
										"name": "design:nailed_hardened_concrete",
										"weight": 1
									}
								]
							},
							"3": {
								"rolls": 1,
								"entries": [
									{
										"type": "item",
										"name": "design:compressed_cobblestone",
										"weight": 1
									}
								]
							},
							"4": {
								"rolls": 1,
								"entries": [
									{
										"type": "item",
										"name": "design:vent",
										"weight": 1
									}
								]
							},
							"5": {},
							"6": {
								"rolls": 1,
								"entries": [
									{
										"type": "item",
										"name": "design:wall_design",
										"weight": 1
									}
								]
							},
							"7": {
								"rolls": 1,
								"entries": [
									{
										"type": "item",
										"name": " design:vent_fan",
										"weight": 1
									}
								]
							},
							"rolls": 1,
							"entries": [
								{
									"type": "item",
									"name": "design:vent1",
									"weight": 1
								}
							]
						},
						"key": "0",
						"children": [
							{
								"data": "1",
								"key": "rolls"
							},
							{
								"open": {
									"rolls": 1,
									"entries": [
										{
											"type": "item",
											"name": "design:industrial_block",
											"weight": 1
										}
									]
								},
								"key": "entries",
								"children": [
									{
										"open": [
											{
												"type": "item",
												"name": "design:industrial_block",
												"weight": 1
											}
										],
										"is_minified": true,
										"children": {
											"type": "item",
											"name": "design:industrial_block",
											"weight": 1
										}
									}
								]
							}
						]
					},
					{
						"open": {
							"0": {
								"rolls": 1,
								"entries": [
									{
										"type": "item",
										"name": "design:industrial_block",
										"weight": 1
									}
								]
							},
							"1": {
								"rolls": 1,
								"entries": [
									{
										"type": "item",
										"name": "design:hardened_concrete",
										"weight": 1
									}
								]
							},
							"2": {
								"rolls": 1,
								"entries": [
									{
										"type": "item",
										"name": "design:nailed_hardened_concrete",
										"weight": 1
									}
								]
							},
							"3": {
								"rolls": 1,
								"entries": [
									{
										"type": "item",
										"name": "design:compressed_cobblestone",
										"weight": 1
									}
								]
							},
							"4": {
								"rolls": 1,
								"entries": [
									{
										"type": "item",
										"name": "design:vent",
										"weight": 1
									}
								]
							},
							"5": {},
							"6": {
								"rolls": 1,
								"entries": [
									{
										"type": "item",
										"name": "design:wall_design",
										"weight": 1
									}
								]
							},
							"7": {
								"rolls": 1,
								"entries": [
									{
										"type": "item",
										"name": " design:vent_fan",
										"weight": 1
									}
								]
							},
							"rolls": 1,
							"entries": [
								{
									"type": "item",
									"name": "design:vent1",
									"weight": 1
								}
							]
						},
						"key": "1",
						"children": [
							{
								"data": "1",
								"key": "rolls"
							},
							{
								"open": {
									"rolls": 1,
									"entries": [
										{
											"type": "item",
											"name": "design:hardened_concrete",
											"weight": 1
										}
									]
								},
								"key": "entries",
								"children": [
									{
										"open": [
											{
												"type": "item",
												"name": "design:hardened_concrete",
												"weight": 1
											}
										],
										"is_minified": true,
										"children": {
											"type": "item",
											"name": "design:hardened_concrete",
											"weight": 1
										}
									}
								]
							}
						]
					},
					{
						"open": {
							"0": {
								"rolls": 1,
								"entries": [
									{
										"type": "item",
										"name": "design:industrial_block",
										"weight": 1
									}
								]
							},
							"1": {
								"rolls": 1,
								"entries": [
									{
										"type": "item",
										"name": "design:hardened_concrete",
										"weight": 1
									}
								]
							},
							"2": {
								"rolls": 1,
								"entries": [
									{
										"type": "item",
										"name": "design:nailed_hardened_concrete",
										"weight": 1
									}
								]
							},
							"3": {
								"rolls": 1,
								"entries": [
									{
										"type": "item",
										"name": "design:compressed_cobblestone",
										"weight": 1
									}
								]
							},
							"4": {
								"rolls": 1,
								"entries": [
									{
										"type": "item",
										"name": "design:vent",
										"weight": 1
									}
								]
							},
							"5": {},
							"6": {
								"rolls": 1,
								"entries": [
									{
										"type": "item",
										"name": "design:wall_design",
										"weight": 1
									}
								]
							},
							"7": {
								"rolls": 1,
								"entries": [
									{
										"type": "item",
										"name": " design:vent_fan",
										"weight": 1
									}
								]
							},
							"rolls": 1,
							"entries": [
								{
									"type": "item",
									"name": "design:vent1",
									"weight": 1
								}
							]
						},
						"key": "2",
						"children": [
							{
								"data": "1",
								"key": "rolls"
							},
							{
								"open": {
									"rolls": 1,
									"entries": [
										{
											"type": "item",
											"name": "design:nailed_hardened_concrete",
											"weight": 1
										}
									]
								},
								"key": "entries",
								"children": [
									{
										"open": [
											{
												"type": "item",
												"name": "design:nailed_hardened_concrete",
												"weight": 1
											}
										],
										"is_minified": true,
										"children": {
											"type": "item",
											"name": "design:nailed_hardened_concrete",
											"weight": 1
										}
									}
								]
							}
						]
					},
					{
						"open": {
							"0": {
								"rolls": 1,
								"entries": [
									{
										"type": "item",
										"name": "design:industrial_block",
										"weight": 1
									}
								]
							},
							"1": {
								"rolls": 1,
								"entries": [
									{
										"type": "item",
										"name": "design:hardened_concrete",
										"weight": 1
									}
								]
							},
							"2": {
								"rolls": 1,
								"entries": [
									{
										"type": "item",
										"name": "design:nailed_hardened_concrete",
										"weight": 1
									}
								]
							},
							"3": {
								"rolls": 1,
								"entries": [
									{
										"type": "item",
										"name": "design:compressed_cobblestone",
										"weight": 1
									}
								]
							},
							"4": {
								"rolls": 1,
								"entries": [
									{
										"type": "item",
										"name": "design:vent",
										"weight": 1
									}
								]
							},
							"5": {},
							"6": {
								"rolls": 1,
								"entries": [
									{
										"type": "item",
										"name": "design:wall_design",
										"weight": 1
									}
								]
							},
							"7": {
								"rolls": 1,
								"entries": [
									{
										"type": "item",
										"name": " design:vent_fan",
										"weight": 1
									}
								]
							},
							"rolls": 1,
							"entries": [
								{
									"type": "item",
									"name": "design:vent1",
									"weight": 1
								}
							]
						},
						"key": "3",
						"children": [
							{
								"data": "1",
								"key": "rolls"
							},
							{
								"open": {
									"rolls": 1,
									"entries": [
										{
											"type": "item",
											"name": "design:compressed_cobblestone",
											"weight": 1
										}
									]
								},
								"key": "entries",
								"children": [
									{
										"open": [
											{
												"type": "item",
												"name": "design:compressed_cobblestone",
												"weight": 1
											}
										],
										"is_minified": true,
										"children": {
											"type": "item",
											"name": "design:compressed_cobblestone",
											"weight": 1
										}
									}
								]
							}
						]
					},
					{
						"open": {
							"0": {
								"rolls": 1,
								"entries": [
									{
										"type": "item",
										"name": "design:industrial_block",
										"weight": 1
									}
								]
							},
							"1": {
								"rolls": 1,
								"entries": [
									{
										"type": "item",
										"name": "design:hardened_concrete",
										"weight": 1
									}
								]
							},
							"2": {
								"rolls": 1,
								"entries": [
									{
										"type": "item",
										"name": "design:nailed_hardened_concrete",
										"weight": 1
									}
								]
							},
							"3": {
								"rolls": 1,
								"entries": [
									{
										"type": "item",
										"name": "design:compressed_cobblestone",
										"weight": 1
									}
								]
							},
							"4": {
								"rolls": 1,
								"entries": [
									{
										"type": "item",
										"name": "design:vent",
										"weight": 1
									}
								]
							},
							"5": {},
							"6": {
								"rolls": 1,
								"entries": [
									{
										"type": "item",
										"name": "design:wall_design",
										"weight": 1
									}
								]
							},
							"7": {
								"rolls": 1,
								"entries": [
									{
										"type": "item",
										"name": " design:vent_fan",
										"weight": 1
									}
								]
							},
							"rolls": 1,
							"entries": [
								{
									"type": "item",
									"name": "design:vent1",
									"weight": 1
								}
							]
						},
						"key": "4",
						"children": [
							{
								"data": "1",
								"key": "rolls"
							},
							{
								"open": {
									"rolls": 1,
									"entries": [
										{
											"type": "item",
											"name": "design:vent",
											"weight": 1
										}
									]
								},
								"key": "entries",
								"children": [
									{
										"open": [
											{
												"type": "item",
												"name": "design:vent",
												"weight": 1
											}
										],
										"is_minified": true,
										"children": {
											"type": "item",
											"name": "design:vent",
											"weight": 1
										}
									}
								]
							}
						]
					},
					{
						"key": "5",
						"is_minified": true,
						"children": {}
					},
					{
						"data": "1",
						"key": "rolls"
					},
					{
						"open": {
							"0": {
								"rolls": 1,
								"entries": [
									{
										"type": "item",
										"name": "design:industrial_block",
										"weight": 1
									}
								]
							},
							"1": {
								"rolls": 1,
								"entries": [
									{
										"type": "item",
										"name": "design:hardened_concrete",
										"weight": 1
									}
								]
							},
							"2": {
								"rolls": 1,
								"entries": [
									{
										"type": "item",
										"name": "design:nailed_hardened_concrete",
										"weight": 1
									}
								]
							},
							"3": {
								"rolls": 1,
								"entries": [
									{
										"type": "item",
										"name": "design:compressed_cobblestone",
										"weight": 1
									}
								]
							},
							"4": {
								"rolls": 1,
								"entries": [
									{
										"type": "item",
										"name": "design:vent",
										"weight": 1
									}
								]
							},
							"5": {},
							"6": {
								"rolls": 1,
								"entries": [
									{
										"type": "item",
										"name": "design:wall_design",
										"weight": 1
									}
								]
							},
							"7": {
								"rolls": 1,
								"entries": [
									{
										"type": "item",
										"name": " design:vent_fan",
										"weight": 1
									}
								]
							},
							"rolls": 1,
							"entries": [
								{
									"type": "item",
									"name": "design:vent1",
									"weight": 1
								}
							]
						},
						"key": "entries",
						"children": [
							{
								"open": [
									{
										"type": "item",
										"name": "design:vent1",
										"weight": 1
									}
								],
								"is_minified": true,
								"children": {
									"type": "item",
									"name": "design:vent1",
									"weight": 1
								}
							}
						]
					},
					{
						"open": {
							"0": {
								"rolls": 1,
								"entries": [
									{
										"type": "item",
										"name": "design:industrial_block",
										"weight": 1
									}
								]
							},
							"1": {
								"rolls": 1,
								"entries": [
									{
										"type": "item",
										"name": "design:hardened_concrete",
										"weight": 1
									}
								]
							},
							"2": {
								"rolls": 1,
								"entries": [
									{
										"type": "item",
										"name": "design:nailed_hardened_concrete",
										"weight": 1
									}
								]
							},
							"3": {
								"rolls": 1,
								"entries": [
									{
										"type": "item",
										"name": "design:compressed_cobblestone",
										"weight": 1
									}
								]
							},
							"4": {
								"rolls": 1,
								"entries": [
									{
										"type": "item",
										"name": "design:vent",
										"weight": 1
									}
								]
							},
							"5": {},
							"6": {
								"rolls": 1,
								"entries": [
									{
										"type": "item",
										"name": "design:wall_design",
										"weight": 1
									}
								]
							},
							"7": {
								"rolls": 1,
								"entries": [
									{
										"type": "item",
										"name": " design:vent_fan",
										"weight": 1
									}
								]
							},
							"rolls": 1,
							"entries": [
								{
									"type": "item",
									"name": "design:vent1",
									"weight": 1
								}
							]
						},
						"key": "6",
						"children": [
							{
								"open": {
									"rolls": 1,
									"entries": [
										{
											"type": "item",
											"name": "design:wall_design",
											"weight": 1
										}
									]
								},
								"data": "1",
								"key": "rolls"
							},
							{
								"open": {
									"rolls": 1,
									"entries": [
										{
											"type": "item",
											"name": "design:wall_design",
											"weight": 1
										}
									]
								},
								"key": "entries",
								"children": [
									{
										"open": [
											{
												"type": "item",
												"name": "design:wall_design",
												"weight": 1
											}
										],
										"is_minified": true,
										"children": {
											"type": "item",
											"name": "design:wall_design",
											"weight": 1
										}
									}
								]
							}
						]
					},
					{
						"open": {
							"0": {
								"rolls": 1,
								"entries": [
									{
										"type": "item",
										"name": "design:industrial_block",
										"weight": 1
									}
								]
							},
							"1": {
								"rolls": 1,
								"entries": [
									{
										"type": "item",
										"name": "design:hardened_concrete",
										"weight": 1
									}
								]
							},
							"2": {
								"rolls": 1,
								"entries": [
									{
										"type": "item",
										"name": "design:nailed_hardened_concrete",
										"weight": 1
									}
								]
							},
							"3": {
								"rolls": 1,
								"entries": [
									{
										"type": "item",
										"name": "design:compressed_cobblestone",
										"weight": 1
									}
								]
							},
							"4": {
								"rolls": 1,
								"entries": [
									{
										"type": "item",
										"name": "design:vent",
										"weight": 1
									}
								]
							},
							"5": {},
							"6": {
								"rolls": 1,
								"entries": [
									{
										"type": "item",
										"name": "design:wall_design",
										"weight": 1
									}
								]
							},
							"7": {
								"rolls": 1,
								"entries": [
									{
										"type": "item",
										"name": " design:vent_fan",
										"weight": 1
									}
								]
							},
							"rolls": 1,
							"entries": [
								{
									"type": "item",
									"name": "design:vent1",
									"weight": 1
								}
							]
						},
						"key": "7",
						"children": [
							{
								"data": "1",
								"key": "rolls"
							},
							{
								"open": {
									"rolls": 1,
									"entries": [
										{
											"type": "item",
											"name": " design:vent_fan",
											"weight": 1
										}
									]
								},
								"key": "entries",
								"children": [
									{
										"open": [
											{
												"type": "item",
												"name": " design:vent_fan",
												"weight": 1
											}
										],
										"is_minified": true,
										"children": {
											"type": "item",
											"name": " design:vent_fan",
											"weight": 1
										}
									}
								]
							}
						]
					}
				]
			}
		]
	}
}