{
	"file_path": "C:\\Users\\Reda\\AppData\\Local\\Packages\\Microsoft.MinecraftUWP_8wekyb3d8bbwe\\LocalState\\games\\com.mojang\\development_behavior_packs\\[B] BlockPlus\\loot_tables\\entities\\lights.page.json",
	"file_type": "loot_table",
	"format_version": 1,
	"file_uuid": "8056d8e2_7be9_4ab1_9f0f_3f9fd25584ad",
	"file_version": 2,
	"cache_content": {
		"children": [
			{
				"open": {
					"pools": [
						{
							"rolls": 1,
							"entries": [
								{
									"type": "item",
									"name": "design:neon_lamp",
									"weight": 1
								}
							]
						},
						{
							"rolls": 1,
							"entries": [
								{
									"type": "item",
									"name": "design:celllight",
									"weight": 1
								}
							]
						},
						{
							"rolls": 1,
							"entries": [
								{
									"type": "item",
									"name": "design:celllight_off",
									"weight": 1
								}
							]
						},
						{
							"rolls": 1,
							"entries": [
								{
									"type": "item",
									"name": "design:green_celllight",
									"weight": 1
								}
							]
						},
						{
							"rolls": 1,
							"entries": [
								{
									"type": "item",
									"name": "design:green_celllight_off",
									"weight": 1
								}
							]
						},
						{
							"rolls": 1,
							"entries": [
								{
									"type": "item",
									"name": "design:red_celllight",
									"weight": 1
								}
							]
						},
						{
							"rolls": 1,
							"entries": [
								{
									"type": "item",
									"name": "design:red_celllight_off",
									"weight": 1
								}
							]
						}
					]
				},
				"key": "pools",
				"children": [
					{
						"open": [
							{
								"rolls": 1,
								"entries": [
									{
										"type": "item",
										"name": "design:neon_lamp",
										"weight": 1
									}
								]
							},
							{
								"rolls": 1,
								"entries": [
									{
										"type": "item",
										"name": "design:celllight",
										"weight": 1
									}
								]
							},
							{
								"rolls": 1,
								"entries": [
									{
										"type": "item",
										"name": "design:celllight_off",
										"weight": 1
									}
								]
							},
							{
								"rolls": 1,
								"entries": [
									{
										"type": "item",
										"name": "design:green_celllight",
										"weight": 1
									}
								]
							},
							{
								"rolls": 1,
								"entries": [
									{
										"type": "item",
										"name": "design:green_celllight_off",
										"weight": 1
									}
								]
							},
							{
								"rolls": 1,
								"entries": [
									{
										"type": "item",
										"name": "design:red_celllight",
										"weight": 1
									}
								]
							},
							{
								"rolls": 1,
								"entries": [
									{
										"type": "item",
										"name": "design:red_celllight_off",
										"weight": 1
									}
								]
							}
						],
						"children": [
							{
								"data": "1",
								"key": "rolls"
							},
							{
								"open": {
									"rolls": 1,
									"entries": [
										{
											"type": "item",
											"name": "design:neon_lamp",
											"weight": 1
										}
									]
								},
								"key": "entries",
								"children": [
									{
										"open": [
											{
												"type": "item",
												"name": "design:neon_lamp",
												"weight": 1
											}
										],
										"is_minified": true,
										"children": {
											"type": "item",
											"name": "design:neon_lamp",
											"weight": 1
										}
									}
								]
							}
						]
					},
					{
						"open": [
							{
								"rolls": 1,
								"entries": [
									{
										"type": "item",
										"name": "design:neon_lamp",
										"weight": 1
									}
								]
							},
							{
								"rolls": 1,
								"entries": [
									{
										"type": "item",
										"name": "design:celllight",
										"weight": 1
									}
								]
							},
							{
								"rolls": 1,
								"entries": [
									{
										"type": "item",
										"name": "design:celllight_off",
										"weight": 1
									}
								]
							},
							{
								"rolls": 1,
								"entries": [
									{
										"type": "item",
										"name": "design:green_celllight",
										"weight": 1
									}
								]
							},
							{
								"rolls": 1,
								"entries": [
									{
										"type": "item",
										"name": "design:green_celllight_off",
										"weight": 1
									}
								]
							},
							{
								"rolls": 1,
								"entries": [
									{
										"type": "item",
										"name": "design:red_celllight",
										"weight": 1
									}
								]
							},
							{
								"rolls": 1,
								"entries": [
									{
										"type": "item",
										"name": "design:red_celllight_off",
										"weight": 1
									}
								]
							}
						],
						"children": [
							{
								"data": "1",
								"key": "rolls"
							},
							{
								"open": {
									"rolls": 1,
									"entries": [
										{
											"type": "item",
											"name": "design:celllight",
											"weight": 1
										}
									]
								},
								"key": "entries",
								"children": [
									{
										"open": [
											{
												"type": "item",
												"name": "design:celllight",
												"weight": 1
											}
										],
										"is_minified": true,
										"children": {
											"type": "item",
											"name": "design:celllight",
											"weight": 1
										}
									}
								]
							}
						]
					},
					{
						"open": [
							{
								"rolls": 1,
								"entries": [
									{
										"type": "item",
										"name": "design:neon_lamp",
										"weight": 1
									}
								]
							},
							{
								"rolls": 1,
								"entries": [
									{
										"type": "item",
										"name": "design:celllight",
										"weight": 1
									}
								]
							},
							{
								"rolls": 1,
								"entries": [
									{
										"type": "item",
										"name": "design:celllight_off",
										"weight": 1
									}
								]
							},
							{
								"rolls": 1,
								"entries": [
									{
										"type": "item",
										"name": "design:green_celllight",
										"weight": 1
									}
								]
							},
							{
								"rolls": 1,
								"entries": [
									{
										"type": "item",
										"name": "design:green_celllight_off",
										"weight": 1
									}
								]
							},
							{
								"rolls": 1,
								"entries": [
									{
										"type": "item",
										"name": "design:red_celllight",
										"weight": 1
									}
								]
							},
							{
								"rolls": 1,
								"entries": [
									{
										"type": "item",
										"name": "design:red_celllight_off",
										"weight": 1
									}
								]
							}
						],
						"children": [
							{
								"data": "1",
								"key": "rolls"
							},
							{
								"open": {
									"rolls": 1,
									"entries": [
										{
											"type": "item",
											"name": "design:celllight_off",
											"weight": 1
										}
									]
								},
								"key": "entries",
								"children": [
									{
										"open": [
											{
												"type": "item",
												"name": "design:celllight_off",
												"weight": 1
											}
										],
										"is_minified": true,
										"children": {
											"type": "item",
											"name": "design:celllight_off",
											"weight": 1
										}
									}
								]
							}
						]
					},
					{
						"open": [
							{
								"rolls": 1,
								"entries": [
									{
										"type": "item",
										"name": "design:neon_lamp",
										"weight": 1
									}
								]
							},
							{
								"rolls": 1,
								"entries": [
									{
										"type": "item",
										"name": "design:celllight",
										"weight": 1
									}
								]
							},
							{
								"rolls": 1,
								"entries": [
									{
										"type": "item",
										"name": "design:celllight_off",
										"weight": 1
									}
								]
							},
							{
								"rolls": 1,
								"entries": [
									{
										"type": "item",
										"name": "design:green_celllight",
										"weight": 1
									}
								]
							},
							{
								"rolls": 1,
								"entries": [
									{
										"type": "item",
										"name": "design:green_celllight_off",
										"weight": 1
									}
								]
							},
							{
								"rolls": 1,
								"entries": [
									{
										"type": "item",
										"name": "design:red_celllight",
										"weight": 1
									}
								]
							},
							{
								"rolls": 1,
								"entries": [
									{
										"type": "item",
										"name": "design:red_celllight_off",
										"weight": 1
									}
								]
							}
						],
						"children": [
							{
								"data": "1",
								"key": "rolls"
							},
							{
								"open": {
									"rolls": 1,
									"entries": [
										{
											"type": "item",
											"name": "design:green_celllight",
											"weight": 1
										}
									]
								},
								"key": "entries",
								"children": [
									{
										"open": [
											{
												"type": "item",
												"name": "design:green_celllight",
												"weight": 1
											}
										],
										"is_minified": true,
										"children": {
											"type": "item",
											"name": "design:green_celllight",
											"weight": 1
										}
									}
								]
							}
						]
					},
					{
						"open": [
							{
								"rolls": 1,
								"entries": [
									{
										"type": "item",
										"name": "design:neon_lamp",
										"weight": 1
									}
								]
							},
							{
								"rolls": 1,
								"entries": [
									{
										"type": "item",
										"name": "design:celllight",
										"weight": 1
									}
								]
							},
							{
								"rolls": 1,
								"entries": [
									{
										"type": "item",
										"name": "design:celllight_off",
										"weight": 1
									}
								]
							},
							{
								"rolls": 1,
								"entries": [
									{
										"type": "item",
										"name": "design:green_celllight",
										"weight": 1
									}
								]
							},
							{
								"rolls": 1,
								"entries": [
									{
										"type": "item",
										"name": "design:green_celllight_off",
										"weight": 1
									}
								]
							},
							{
								"rolls": 1,
								"entries": [
									{
										"type": "item",
										"name": "design:red_celllight",
										"weight": 1
									}
								]
							},
							{
								"rolls": 1,
								"entries": [
									{
										"type": "item",
										"name": "design:red_celllight_off",
										"weight": 1
									}
								]
							}
						],
						"children": [
							{
								"data": "1",
								"key": "rolls"
							},
							{
								"open": {
									"rolls": 1,
									"entries": [
										{
											"type": "item",
											"name": "design:green_celllight_off",
											"weight": 1
										}
									]
								},
								"key": "entries",
								"children": [
									{
										"open": [
											{
												"type": "item",
												"name": "design:green_celllight_off",
												"weight": 1
											}
										],
										"is_minified": true,
										"children": {
											"type": "item",
											"name": "design:green_celllight_off",
											"weight": 1
										}
									}
								]
							}
						]
					},
					{
						"open": [
							{
								"rolls": 1,
								"entries": [
									{
										"type": "item",
										"name": "design:neon_lamp",
										"weight": 1
									}
								]
							},
							{
								"rolls": 1,
								"entries": [
									{
										"type": "item",
										"name": "design:celllight",
										"weight": 1
									}
								]
							},
							{
								"rolls": 1,
								"entries": [
									{
										"type": "item",
										"name": "design:celllight_off",
										"weight": 1
									}
								]
							},
							{
								"rolls": 1,
								"entries": [
									{
										"type": "item",
										"name": "design:green_celllight",
										"weight": 1
									}
								]
							},
							{
								"rolls": 1,
								"entries": [
									{
										"type": "item",
										"name": "design:green_celllight_off",
										"weight": 1
									}
								]
							},
							{
								"rolls": 1,
								"entries": [
									{
										"type": "item",
										"name": "design:red_celllight",
										"weight": 1
									}
								]
							},
							{
								"rolls": 1,
								"entries": [
									{
										"type": "item",
										"name": "design:red_celllight_off",
										"weight": 1
									}
								]
							}
						],
						"children": [
							{
								"open": {
									"rolls": 1,
									"entries": [
										{
											"type": "item",
											"name": "design:red_celllight",
											"weight": 1
										}
									]
								},
								"data": "1",
								"key": "rolls"
							},
							{
								"open": {
									"rolls": 1,
									"entries": [
										{
											"type": "item",
											"name": "design:red_celllight",
											"weight": 1
										}
									]
								},
								"key": "entries",
								"children": [
									{
										"open": [
											{
												"type": "item",
												"name": "design:red_celllight",
												"weight": 1
											}
										],
										"is_minified": true,
										"children": {
											"type": "item",
											"name": "design:red_celllight",
											"weight": 1
										}
									}
								]
							}
						]
					},
					{
						"open": [
							{
								"rolls": 1,
								"entries": [
									{
										"type": "item",
										"name": "design:neon_lamp",
										"weight": 1
									}
								]
							},
							{
								"rolls": 1,
								"entries": [
									{
										"type": "item",
										"name": "design:celllight",
										"weight": 1
									}
								]
							},
							{
								"rolls": 1,
								"entries": [
									{
										"type": "item",
										"name": "design:celllight_off",
										"weight": 1
									}
								]
							},
							{
								"rolls": 1,
								"entries": [
									{
										"type": "item",
										"name": "design:green_celllight",
										"weight": 1
									}
								]
							},
							{
								"rolls": 1,
								"entries": [
									{
										"type": "item",
										"name": "design:green_celllight_off",
										"weight": 1
									}
								]
							},
							{
								"rolls": 1,
								"entries": [
									{
										"type": "item",
										"name": "design:red_celllight",
										"weight": 1
									}
								]
							},
							{
								"rolls": 1,
								"entries": [
									{
										"type": "item",
										"name": "design:red_celllight_off",
										"weight": 1
									}
								]
							}
						],
						"children": [
							{
								"data": "1",
								"key": "rolls"
							},
							{
								"open": {
									"rolls": 1,
									"entries": [
										{
											"type": "item",
											"name": "design:red_celllight_off",
											"weight": 1
										}
									]
								},
								"key": "entries",
								"children": [
									{
										"open": [
											{
												"type": "item",
												"name": "design:red_celllight_off",
												"weight": 1
											}
										],
										"is_minified": true,
										"children": {
											"type": "item",
											"name": "design:red_celllight_off",
											"weight": 1
										}
									}
								]
							}
						]
					}
				]
			}
		]
	}
}