{
	"file_path": "C:\\Users\\Reda\\AppData\\Local\\Packages\\Microsoft.MinecraftUWP_8wekyb3d8bbwe\\LocalState\\games\\com.mojang\\development_behavior_packs\\[B] BlockPlus\\loot_tables\\entities\\office.page.json",
	"file_type": "loot_table",
	"format_version": 1,
	"file_uuid": "daa1031f_2781_4479_8393_a8d55e4a91bf",
	"file_version": 1,
	"cache_content": {
		"children": [
			{
				"open": {
					"pools": [
						{
							"rolls": 1,
							"entries": [
								{
									"type": "item",
									"name": "design:office_ceiling",
									"weight": 1
								}
							]
						},
						{
							"rolls": 1,
							"entries": [
								{
									"type": "item",
									"name": "design:office_carpet",
									"weight": 1
								}
							]
						},
						{
							"rolls": 1,
							"entries": [
								{
									"type": "item",
									"name": "design:office_light",
									"weight": 1
								}
							]
						},
						{
							"rolls": 1,
							"entries": [
								{
									"type": "item",
									"name": "design:office_neon",
									"weight": 1
								}
							]
						},
						{
							"rolls": 1,
							"entries": [
								{
									"type": "item",
									"name": "design:office_neon_off",
									"weight": 1
								}
							]
						},
						{
							"rolls": 1,
							"entries": [
								{
									"type": "item",
									"name": "design:office_neon_semioff",
									"weight": 1
								}
							]
						},
						{
							"rolls": 1,
							"entries": [
								{
									"type": "item",
									"name": "design:office_vent",
									"weight": 1
								}
							]
						},
						{
							"rolls": 1,
							"entries": [
								{
									"type": "item",
									"name": "design:office_blue_carpet",
									"weight": 1
								}
							]
						},
						{
							"rolls": 1,
							"entries": [
								{
									"type": "item",
									"name": "design:office_white_carpet",
									"weight": 1
								}
							]
						}
					]
				},
				"key": "pools",
				"children": [
					{
						"open": [
							{
								"rolls": 1,
								"entries": [
									{
										"type": "item",
										"name": "design:office_ceiling",
										"weight": 1
									}
								]
							},
							{
								"rolls": 1,
								"entries": [
									{
										"type": "item",
										"name": "design:office_carpet",
										"weight": 1
									}
								]
							},
							{
								"rolls": 1,
								"entries": [
									{
										"type": "item",
										"name": "design:office_light",
										"weight": 1
									}
								]
							},
							{
								"rolls": 1,
								"entries": [
									{
										"type": "item",
										"name": "design:office_neon",
										"weight": 1
									}
								]
							},
							{
								"rolls": 1,
								"entries": [
									{
										"type": "item",
										"name": "design:office_neon_off",
										"weight": 1
									}
								]
							},
							{
								"rolls": 1,
								"entries": [
									{
										"type": "item",
										"name": "design:office_neon_semioff",
										"weight": 1
									}
								]
							},
							{
								"rolls": 1,
								"entries": [
									{
										"type": "item",
										"name": "design:office_vent",
										"weight": 1
									}
								]
							},
							{
								"rolls": 1,
								"entries": [
									{
										"type": "item",
										"name": "design:office_blue_carpet",
										"weight": 1
									}
								]
							},
							{
								"rolls": 1,
								"entries": [
									{
										"type": "item",
										"name": "design:office_white_carpet",
										"weight": 1
									}
								]
							}
						],
						"children": [
							{
								"data": "1",
								"key": "rolls"
							},
							{
								"open": {
									"rolls": 1,
									"entries": [
										{
											"type": "item",
											"name": "design:office_ceiling",
											"weight": 1
										}
									]
								},
								"key": "entries",
								"children": [
									{
										"open": [
											{
												"type": "item",
												"name": "design:office_ceiling",
												"weight": 1
											}
										],
										"is_minified": true,
										"children": {
											"type": "item",
											"name": "design:office_ceiling",
											"weight": 1
										}
									}
								]
							}
						]
					},
					{
						"open": [
							{
								"rolls": 1,
								"entries": [
									{
										"type": "item",
										"name": "design:office_ceiling",
										"weight": 1
									}
								]
							},
							{
								"rolls": 1,
								"entries": [
									{
										"type": "item",
										"name": "design:office_carpet",
										"weight": 1
									}
								]
							},
							{
								"rolls": 1,
								"entries": [
									{
										"type": "item",
										"name": "design:office_light",
										"weight": 1
									}
								]
							},
							{
								"rolls": 1,
								"entries": [
									{
										"type": "item",
										"name": "design:office_neon",
										"weight": 1
									}
								]
							},
							{
								"rolls": 1,
								"entries": [
									{
										"type": "item",
										"name": "design:office_neon_off",
										"weight": 1
									}
								]
							},
							{
								"rolls": 1,
								"entries": [
									{
										"type": "item",
										"name": "design:office_neon_semioff",
										"weight": 1
									}
								]
							},
							{
								"rolls": 1,
								"entries": [
									{
										"type": "item",
										"name": "design:office_vent",
										"weight": 1
									}
								]
							},
							{
								"rolls": 1,
								"entries": [
									{
										"type": "item",
										"name": "design:office_blue_carpet",
										"weight": 1
									}
								]
							},
							{
								"rolls": 1,
								"entries": [
									{
										"type": "item",
										"name": "design:office_white_carpet",
										"weight": 1
									}
								]
							}
						],
						"children": [
							{
								"data": "1",
								"key": "rolls"
							},
							{
								"open": {
									"rolls": 1,
									"entries": [
										{
											"type": "item",
											"name": "design:office_carpet",
											"weight": 1
										}
									]
								},
								"key": "entries",
								"children": [
									{
										"open": [
											{
												"type": "item",
												"name": "design:office_carpet",
												"weight": 1
											}
										],
										"is_minified": true,
										"children": {
											"type": "item",
											"name": "design:office_carpet",
											"weight": 1
										}
									}
								]
							}
						]
					},
					{
						"open": [
							{
								"rolls": 1,
								"entries": [
									{
										"type": "item",
										"name": "design:office_ceiling",
										"weight": 1
									}
								]
							},
							{
								"rolls": 1,
								"entries": [
									{
										"type": "item",
										"name": "design:office_carpet",
										"weight": 1
									}
								]
							},
							{
								"rolls": 1,
								"entries": [
									{
										"type": "item",
										"name": "design:office_light",
										"weight": 1
									}
								]
							},
							{
								"rolls": 1,
								"entries": [
									{
										"type": "item",
										"name": "design:office_neon",
										"weight": 1
									}
								]
							},
							{
								"rolls": 1,
								"entries": [
									{
										"type": "item",
										"name": "design:office_neon_off",
										"weight": 1
									}
								]
							},
							{
								"rolls": 1,
								"entries": [
									{
										"type": "item",
										"name": "design:office_neon_semioff",
										"weight": 1
									}
								]
							},
							{
								"rolls": 1,
								"entries": [
									{
										"type": "item",
										"name": "design:office_vent",
										"weight": 1
									}
								]
							},
							{
								"rolls": 1,
								"entries": [
									{
										"type": "item",
										"name": "design:office_blue_carpet",
										"weight": 1
									}
								]
							},
							{
								"rolls": 1,
								"entries": [
									{
										"type": "item",
										"name": "design:office_white_carpet",
										"weight": 1
									}
								]
							}
						],
						"children": [
							{
								"data": "1",
								"key": "rolls"
							},
							{
								"open": {
									"rolls": 1,
									"entries": [
										{
											"type": "item",
											"name": "design:office_light",
											"weight": 1
										}
									]
								},
								"key": "entries",
								"children": [
									{
										"open": [
											{
												"type": "item",
												"name": "design:office_light",
												"weight": 1
											}
										],
										"is_minified": true,
										"children": {
											"type": "item",
											"name": "design:office_light",
											"weight": 1
										}
									}
								]
							}
						]
					},
					{
						"open": [
							{
								"rolls": 1,
								"entries": [
									{
										"type": "item",
										"name": "design:office_ceiling",
										"weight": 1
									}
								]
							},
							{
								"rolls": 1,
								"entries": [
									{
										"type": "item",
										"name": "design:office_carpet",
										"weight": 1
									}
								]
							},
							{
								"rolls": 1,
								"entries": [
									{
										"type": "item",
										"name": "design:office_light",
										"weight": 1
									}
								]
							},
							{
								"rolls": 1,
								"entries": [
									{
										"type": "item",
										"name": "design:office_neon",
										"weight": 1
									}
								]
							},
							{
								"rolls": 1,
								"entries": [
									{
										"type": "item",
										"name": "design:office_neon_off",
										"weight": 1
									}
								]
							},
							{
								"rolls": 1,
								"entries": [
									{
										"type": "item",
										"name": "design:office_neon_semioff",
										"weight": 1
									}
								]
							},
							{
								"rolls": 1,
								"entries": [
									{
										"type": "item",
										"name": "design:office_vent",
										"weight": 1
									}
								]
							},
							{
								"rolls": 1,
								"entries": [
									{
										"type": "item",
										"name": "design:office_blue_carpet",
										"weight": 1
									}
								]
							},
							{
								"rolls": 1,
								"entries": [
									{
										"type": "item",
										"name": "design:office_white_carpet",
										"weight": 1
									}
								]
							}
						],
						"children": [
							{
								"data": "1",
								"key": "rolls"
							},
							{
								"open": {
									"rolls": 1,
									"entries": [
										{
											"type": "item",
											"name": "design:office_neon",
											"weight": 1
										}
									]
								},
								"key": "entries",
								"children": [
									{
										"open": [
											{
												"type": "item",
												"name": "design:office_neon",
												"weight": 1
											}
										],
										"is_minified": true,
										"children": {
											"type": "item",
											"name": "design:office_neon",
											"weight": 1
										}
									}
								]
							}
						]
					},
					{
						"open": [
							{
								"rolls": 1,
								"entries": [
									{
										"type": "item",
										"name": "design:office_ceiling",
										"weight": 1
									}
								]
							},
							{
								"rolls": 1,
								"entries": [
									{
										"type": "item",
										"name": "design:office_carpet",
										"weight": 1
									}
								]
							},
							{
								"rolls": 1,
								"entries": [
									{
										"type": "item",
										"name": "design:office_light",
										"weight": 1
									}
								]
							},
							{
								"rolls": 1,
								"entries": [
									{
										"type": "item",
										"name": "design:office_neon",
										"weight": 1
									}
								]
							},
							{
								"rolls": 1,
								"entries": [
									{
										"type": "item",
										"name": "design:office_neon_off",
										"weight": 1
									}
								]
							},
							{
								"rolls": 1,
								"entries": [
									{
										"type": "item",
										"name": "design:office_neon_semioff",
										"weight": 1
									}
								]
							},
							{
								"rolls": 1,
								"entries": [
									{
										"type": "item",
										"name": "design:office_vent",
										"weight": 1
									}
								]
							},
							{
								"rolls": 1,
								"entries": [
									{
										"type": "item",
										"name": "design:office_blue_carpet",
										"weight": 1
									}
								]
							},
							{
								"rolls": 1,
								"entries": [
									{
										"type": "item",
										"name": "design:office_white_carpet",
										"weight": 1
									}
								]
							}
						],
						"children": [
							{
								"data": "1",
								"key": "rolls"
							},
							{
								"open": {
									"rolls": 1,
									"entries": [
										{
											"type": "item",
											"name": "design:office_neon_off",
											"weight": 1
										}
									]
								},
								"key": "entries",
								"children": [
									{
										"open": [
											{
												"type": "item",
												"name": "design:office_neon_off",
												"weight": 1
											}
										],
										"is_minified": true,
										"children": {
											"type": "item",
											"name": "design:office_neon_off",
											"weight": 1
										}
									}
								]
							}
						]
					},
					{
						"open": [
							{
								"rolls": 1,
								"entries": [
									{
										"type": "item",
										"name": "design:office_ceiling",
										"weight": 1
									}
								]
							},
							{
								"rolls": 1,
								"entries": [
									{
										"type": "item",
										"name": "design:office_carpet",
										"weight": 1
									}
								]
							},
							{
								"rolls": 1,
								"entries": [
									{
										"type": "item",
										"name": "design:office_light",
										"weight": 1
									}
								]
							},
							{
								"rolls": 1,
								"entries": [
									{
										"type": "item",
										"name": "design:office_neon",
										"weight": 1
									}
								]
							},
							{
								"rolls": 1,
								"entries": [
									{
										"type": "item",
										"name": "design:office_neon_off",
										"weight": 1
									}
								]
							},
							{
								"rolls": 1,
								"entries": [
									{
										"type": "item",
										"name": "design:office_neon_semioff",
										"weight": 1
									}
								]
							},
							{
								"rolls": 1,
								"entries": [
									{
										"type": "item",
										"name": "design:office_vent",
										"weight": 1
									}
								]
							},
							{
								"rolls": 1,
								"entries": [
									{
										"type": "item",
										"name": "design:office_blue_carpet",
										"weight": 1
									}
								]
							},
							{
								"rolls": 1,
								"entries": [
									{
										"type": "item",
										"name": "design:office_white_carpet",
										"weight": 1
									}
								]
							}
						],
						"children": [
							{
								"data": "1",
								"key": "rolls"
							},
							{
								"open": {
									"rolls": 1,
									"entries": [
										{
											"type": "item",
											"name": "design:office_neon_semioff",
											"weight": 1
										}
									]
								},
								"key": "entries",
								"children": [
									{
										"open": [
											{
												"type": "item",
												"name": "design:office_neon_semioff",
												"weight": 1
											}
										],
										"is_minified": true,
										"children": {
											"type": "item",
											"name": "design:office_neon_semioff",
											"weight": 1
										}
									}
								]
							}
						]
					},
					{
						"open": [
							{
								"rolls": 1,
								"entries": [
									{
										"type": "item",
										"name": "design:office_ceiling",
										"weight": 1
									}
								]
							},
							{
								"rolls": 1,
								"entries": [
									{
										"type": "item",
										"name": "design:office_carpet",
										"weight": 1
									}
								]
							},
							{
								"rolls": 1,
								"entries": [
									{
										"type": "item",
										"name": "design:office_light",
										"weight": 1
									}
								]
							},
							{
								"rolls": 1,
								"entries": [
									{
										"type": "item",
										"name": "design:office_neon",
										"weight": 1
									}
								]
							},
							{
								"rolls": 1,
								"entries": [
									{
										"type": "item",
										"name": "design:office_neon_off",
										"weight": 1
									}
								]
							},
							{
								"rolls": 1,
								"entries": [
									{
										"type": "item",
										"name": "design:office_neon_semioff",
										"weight": 1
									}
								]
							},
							{
								"rolls": 1,
								"entries": [
									{
										"type": "item",
										"name": "design:office_vent",
										"weight": 1
									}
								]
							},
							{
								"rolls": 1,
								"entries": [
									{
										"type": "item",
										"name": "design:office_blue_carpet",
										"weight": 1
									}
								]
							},
							{
								"rolls": 1,
								"entries": [
									{
										"type": "item",
										"name": "design:office_white_carpet",
										"weight": 1
									}
								]
							}
						],
						"children": [
							{
								"data": "1",
								"key": "rolls"
							},
							{
								"open": {
									"rolls": 1,
									"entries": [
										{
											"type": "item",
											"name": "design:office_vent",
											"weight": 1
										}
									]
								},
								"key": "entries",
								"children": [
									{
										"open": [
											{
												"type": "item",
												"name": "design:office_vent",
												"weight": 1
											}
										],
										"is_minified": true,
										"children": {
											"type": "item",
											"name": "design:office_vent",
											"weight": 1
										}
									}
								]
							}
						]
					},
					{
						"open": [
							{
								"rolls": 1,
								"entries": [
									{
										"type": "item",
										"name": "design:office_ceiling",
										"weight": 1
									}
								]
							},
							{
								"rolls": 1,
								"entries": [
									{
										"type": "item",
										"name": "design:office_carpet",
										"weight": 1
									}
								]
							},
							{
								"rolls": 1,
								"entries": [
									{
										"type": "item",
										"name": "design:office_light",
										"weight": 1
									}
								]
							},
							{
								"rolls": 1,
								"entries": [
									{
										"type": "item",
										"name": "design:office_neon",
										"weight": 1
									}
								]
							},
							{
								"rolls": 1,
								"entries": [
									{
										"type": "item",
										"name": "design:office_neon_off",
										"weight": 1
									}
								]
							},
							{
								"rolls": 1,
								"entries": [
									{
										"type": "item",
										"name": "design:office_neon_semioff",
										"weight": 1
									}
								]
							},
							{
								"rolls": 1,
								"entries": [
									{
										"type": "item",
										"name": "design:office_vent",
										"weight": 1
									}
								]
							},
							{
								"rolls": 1,
								"entries": [
									{
										"type": "item",
										"name": "design:office_blue_carpet",
										"weight": 1
									}
								]
							},
							{
								"rolls": 1,
								"entries": [
									{
										"type": "item",
										"name": "design:office_white_carpet",
										"weight": 1
									}
								]
							}
						],
						"children": [
							{
								"data": "1",
								"key": "rolls"
							},
							{
								"open": {
									"rolls": 1,
									"entries": [
										{
											"type": "item",
											"name": "design:office_blue_carpet",
											"weight": 1
										}
									]
								},
								"key": "entries",
								"children": [
									{
										"open": [
											{
												"type": "item",
												"name": "design:office_blue_carpet",
												"weight": 1
											}
										],
										"is_minified": true,
										"children": {
											"type": "item",
											"name": "design:office_blue_carpet",
											"weight": 1
										}
									}
								]
							}
						]
					},
					{
						"open": [
							{
								"rolls": 1,
								"entries": [
									{
										"type": "item",
										"name": "design:office_ceiling",
										"weight": 1
									}
								]
							},
							{
								"rolls": 1,
								"entries": [
									{
										"type": "item",
										"name": "design:office_carpet",
										"weight": 1
									}
								]
							},
							{
								"rolls": 1,
								"entries": [
									{
										"type": "item",
										"name": "design:office_light",
										"weight": 1
									}
								]
							},
							{
								"rolls": 1,
								"entries": [
									{
										"type": "item",
										"name": "design:office_neon",
										"weight": 1
									}
								]
							},
							{
								"rolls": 1,
								"entries": [
									{
										"type": "item",
										"name": "design:office_neon_off",
										"weight": 1
									}
								]
							},
							{
								"rolls": 1,
								"entries": [
									{
										"type": "item",
										"name": "design:office_neon_semioff",
										"weight": 1
									}
								]
							},
							{
								"rolls": 1,
								"entries": [
									{
										"type": "item",
										"name": "design:office_vent",
										"weight": 1
									}
								]
							},
							{
								"rolls": 1,
								"entries": [
									{
										"type": "item",
										"name": "design:office_blue_carpet",
										"weight": 1
									}
								]
							},
							{
								"rolls": 1,
								"entries": [
									{
										"type": "item",
										"name": "design:office_white_carpet",
										"weight": 1
									}
								]
							}
						],
						"children": [
							{
								"data": "1",
								"key": "rolls"
							},
							{
								"open": {
									"rolls": 1,
									"entries": [
										{
											"type": "item",
											"name": "design:office_white_carpet",
											"weight": 1
										}
									]
								},
								"key": "entries",
								"children": [
									{
										"open": [
											{
												"type": "item",
												"name": "design:office_white_carpet",
												"weight": 1
											}
										],
										"is_minified": true,
										"children": {
											"type": "item",
											"name": "design:office_white_carpet",
											"weight": 1
										}
									}
								]
							}
						]
					}
				]
			}
		]
	}
}