{
	"file_path": "C:\\Users\\Reda\\AppData\\Local\\Packages\\Microsoft.MinecraftUWP_8wekyb3d8bbwe\\LocalState\\games\\com.mojang\\development_behavior_packs\\[B] BlockPlus\\loot_tables\\entities\\road.lines.page.json",
	"file_type": "loot_table",
	"format_version": 1,
	"file_uuid": "6a8d88ad_139e_4c40_9724_a2dc39548b9e",
	"file_version": 1,
	"cache_content": {
		"children": [
			{
				"open": {
					"pools": [
						{
							"rolls": 1,
							"entries": [
								{
									"type": "item",
									"name": "design:concrete_road_connector1",
									"weight": 1
								}
							]
						},
						{
							"rolls": 1,
							"entries": [
								{
									"type": "item",
									"name": "design:concrete_road_connector2",
									"weight": 1
								}
							]
						},
						{
							"rolls": 1,
							"entries": [
								{
									"type": "item",
									"name": "design:concrete_road_connector3",
									"weight": 1
								}
							]
						},
						{
							"rolls": 1,
							"entries": [
								{
									"type": "item",
									"name": "design:concrete_road_connector4",
									"weight": 1
								}
							]
						},
						{
							"rolls": 1,
							"entries": [
								{
									"type": "item",
									"name": "design:concrete_road_connector5",
									"weight": 1
								}
							]
						},
						{
							"rolls": 1,
							"entries": [
								{
									"type": "item",
									"name": "design:concrete_road_corner1",
									"weight": 1
								}
							]
						},
						{
							"rolls": 1,
							"entries": [
								{
									"type": "item",
									"name": "design:concrete_road_corner2",
									"weight": 1
								}
							]
						},
						{
							"rolls": 1,
							"entries": [
								{
									"type": "item",
									"name": "design:concrete_road_corner3",
									"weight": 1
								}
							]
						},
						{
							"rolls": 1,
							"entries": [
								{
									"type": "item",
									"name": "design:concrete_road_corner4",
									"weight": 1
								}
							]
						},
						{
							"rolls": 1,
							"entries": [
								{
									"type": "item",
									"name": "design:concrete_road_straight_white_line1",
									"weight": 1
								}
							]
						},
						{
							"rolls": 1,
							"entries": [
								{
									"type": "item",
									"name": "design:concrete_road_straight_white_line2",
									"weight": 1
								}
							]
						}
					]
				},
				"key": "pools",
				"children": [
					{
						"children": [
							{
								"data": "1",
								"key": "rolls"
							},
							{
								"open": {
									"rolls": 1,
									"entries": [
										{
											"type": "item",
											"name": "design:concrete_road_connector1",
											"weight": 1
										}
									]
								},
								"key": "entries",
								"children": [
									{
										"open": [
											{
												"type": "item",
												"name": "design:concrete_road_connector1",
												"weight": 1
											}
										],
										"is_minified": true,
										"children": {
											"type": "item",
											"name": "design:concrete_road_connector1",
											"weight": 1
										}
									}
								]
							}
						]
					},
					{
						"children": [
							{
								"data": "1",
								"key": "rolls"
							},
							{
								"open": {
									"rolls": 1,
									"entries": [
										{
											"type": "item",
											"name": "design:concrete_road_connector2",
											"weight": 1
										}
									]
								},
								"key": "entries",
								"children": [
									{
										"open": [
											{
												"type": "item",
												"name": "design:concrete_road_connector2",
												"weight": 1
											}
										],
										"is_minified": true,
										"children": {
											"type": "item",
											"name": "design:concrete_road_connector2",
											"weight": 1
										}
									}
								]
							}
						]
					},
					{
						"children": [
							{
								"data": "1",
								"key": "rolls"
							},
							{
								"open": {
									"rolls": 1,
									"entries": [
										{
											"type": "item",
											"name": "design:concrete_road_connector3",
											"weight": 1
										}
									]
								},
								"key": "entries",
								"children": [
									{
										"open": [
											{
												"type": "item",
												"name": "design:concrete_road_connector3",
												"weight": 1
											}
										],
										"is_minified": true,
										"children": {
											"type": "item",
											"name": "design:concrete_road_connector3",
											"weight": 1
										}
									}
								]
							}
						]
					},
					{
						"children": [
							{
								"data": "1",
								"key": "rolls"
							},
							{
								"open": {
									"rolls": 1,
									"entries": [
										{
											"type": "item",
											"name": "design:concrete_road_connector4",
											"weight": 1
										}
									]
								},
								"key": "entries",
								"children": [
									{
										"open": [
											{
												"type": "item",
												"name": "design:concrete_road_connector4",
												"weight": 1
											}
										],
										"is_minified": true,
										"children": {
											"type": "item",
											"name": "design:concrete_road_connector4",
											"weight": 1
										}
									}
								]
							}
						]
					},
					{
						"children": [
							{
								"data": "1",
								"key": "rolls"
							},
							{
								"open": {
									"rolls": 1,
									"entries": [
										{
											"type": "item",
											"name": "design:concrete_road_connector5",
											"weight": 1
										}
									]
								},
								"key": "entries",
								"children": [
									{
										"open": [
											{
												"type": "item",
												"name": "design:concrete_road_connector5",
												"weight": 1
											}
										],
										"is_minified": true,
										"children": {
											"type": "item",
											"name": "design:concrete_road_connector5",
											"weight": 1
										}
									}
								]
							}
						]
					},
					{
						"children": [
							{
								"data": "1",
								"key": "rolls"
							},
							{
								"open": {
									"rolls": 1,
									"entries": [
										{
											"type": "item",
											"name": "design:concrete_road_corner1",
											"weight": 1
										}
									]
								},
								"key": "entries",
								"children": [
									{
										"open": [
											{
												"type": "item",
												"name": "design:concrete_road_corner1",
												"weight": 1
											}
										],
										"is_minified": true,
										"children": {
											"type": "item",
											"name": "design:concrete_road_corner1",
											"weight": 1
										}
									}
								]
							}
						]
					},
					{
						"children": [
							{
								"data": "1",
								"key": "rolls"
							},
							{
								"open": {
									"rolls": 1,
									"entries": [
										{
											"type": "item",
											"name": "design:concrete_road_corner2",
											"weight": 1
										}
									]
								},
								"key": "entries",
								"children": [
									{
										"open": [
											{
												"type": "item",
												"name": "design:concrete_road_corner2",
												"weight": 1
											}
										],
										"is_minified": true,
										"children": {
											"type": "item",
											"name": "design:concrete_road_corner2",
											"weight": 1
										}
									}
								]
							}
						]
					},
					{
						"children": [
							{
								"data": "1",
								"key": "rolls"
							},
							{
								"open": {
									"rolls": 1,
									"entries": [
										{
											"type": "item",
											"name": "design:concrete_road_corner3",
											"weight": 1
										}
									]
								},
								"key": "entries",
								"children": [
									{
										"open": [
											{
												"type": "item",
												"name": "design:concrete_road_corner3",
												"weight": 1
											}
										],
										"is_minified": true,
										"children": {
											"type": "item",
											"name": "design:concrete_road_corner3",
											"weight": 1
										}
									}
								]
							}
						]
					},
					{
						"children": [
							{
								"data": "1",
								"key": "rolls"
							},
							{
								"open": {
									"rolls": 1,
									"entries": [
										{
											"type": "item",
											"name": "design:concrete_road_corner4",
											"weight": 1
										}
									]
								},
								"key": "entries",
								"children": [
									{
										"open": [
											{
												"type": "item",
												"name": "design:concrete_road_corner4",
												"weight": 1
											}
										],
										"is_minified": true,
										"children": {
											"type": "item",
											"name": "design:concrete_road_corner4",
											"weight": 1
										}
									}
								]
							}
						]
					},
					{
						"children": [
							{
								"data": "1",
								"key": "rolls"
							},
							{
								"open": {
									"rolls": 1,
									"entries": [
										{
											"type": "item",
											"name": "design:concrete_road_straight_white_line1",
											"weight": 1
										}
									]
								},
								"key": "entries",
								"children": [
									{
										"open": [
											{
												"type": "item",
												"name": "design:concrete_road_straight_white_line1",
												"weight": 1
											}
										],
										"is_minified": true,
										"children": {
											"type": "item",
											"name": "design:concrete_road_straight_white_line1",
											"weight": 1
										}
									}
								]
							}
						]
					},
					{
						"children": [
							{
								"data": "1",
								"key": "rolls"
							},
							{
								"open": {
									"rolls": 1,
									"entries": [
										{
											"type": "item",
											"name": "design:concrete_road_straight_white_line2",
											"weight": 1
										}
									]
								},
								"key": "entries",
								"children": [
									{
										"open": [
											{
												"type": "item",
												"name": "design:concrete_road_straight_white_line2",
												"weight": 1
											}
										],
										"is_minified": true,
										"children": {
											"type": "item",
											"name": "design:concrete_road_straight_white_line2",
											"weight": 1
										}
									}
								]
							}
						]
					}
				]
			}
		]
	}
}