{
	"file_path": "C:\\Users\\Reda\\AppData\\Local\\Packages\\Microsoft.MinecraftUWP_8wekyb3d8bbwe\\LocalState\\games\\com.mojang\\development_behavior_packs\\[B] BlockPlus\\loot_tables\\entities\\tiles.page.json",
	"file_type": "loot_table",
	"format_version": 1,
	"file_uuid": "1cf9d68b_e716_407f_9e08_15dc64310ed5",
	"file_version": 4,
	"cache_content": {
		"children": [
			{
				"open": {
					"pools": [
						{
							"rolls": 1,
							"entries": [
								{
									"type": "item",
									"name": "design:aqua_double_tile",
									"weight": 1
								}
							]
						},
						{
							"rolls": 1,
							"entries": [
								{
									"type": "item",
									"name": "design:aqua_quad_tile",
									"weight": 1
								}
							]
						},
						{
							"rolls": 1,
							"entries": [
								{
									"type": "item",
									"name": "design:chess_tile",
									"weight": 1
								}
							]
						},
						{
							"rolls": 1,
							"entries": [
								{
									"type": "item",
									"name": "design:brick_tile",
									"weight": 1
								}
							]
						},
						{
							"rolls": 1,
							"entries": [
								{
									"type": "item",
									"name": "design:diorite_tile",
									"weight": 1
								}
							]
						},
						{
							"rolls": 1,
							"entries": [
								{
									"type": "item",
									"name": "design:cold_stone_tile",
									"weight": 1
								}
							]
						},
						{
							"rolls": 1,
							"entries": [
								{
									"type": "item",
									"name": "design:marblesand_tile",
									"weight": 1
								}
							]
						},
						{
							"rolls": 1,
							"entries": [
								{
									"type": "item",
									"name": "design:pooltile",
									"weight": 1
								}
							]
						},
						{
							"rolls": 1,
							"entries": [
								{
									"type": "item",
									"name": "design:pooltile_brown",
									"weight": 1
								}
							]
						},
						{
							"rolls": 1,
							"entries": [
								{
									"type": "item",
									"name": "design:white_double_tile",
									"weight": 1
								}
							]
						},
						{
							"rolls": 1,
							"entries": [
								{
									"type": "item",
									"name": "design:stone_tile_granulated",
									"weight": 1
								}
							]
						},
						{
							"rolls": 1,
							"entries": [
								{
									"type": "item",
									"name": "design:spottedstone_tile",
									"weight": 1
								}
							]
						},
						{
							"rolls": 1,
							"entries": [
								{
									"type": "item",
									"name": "design:wood_floor_tile",
									"weight": 1
								}
							]
						},
						{
							"rolls": 1,
							"entries": [
								{
									"type": "item",
									"name": "design:wood_floor_tile2",
									"weight": 1
								}
							]
						},
						{
							"rolls": 1,
							"entries": [
								{
									"type": "item",
									"name": "design:marble_smooth_tile",
									"weight": 1
								}
							]
						},
						{
							"rolls": 1,
							"entries": [
								{
									"type": "item",
									"name": "design:diorite_tile",
									"weight": 1
								}
							]
						}
					]
				},
				"key": "pools",
				"children": [
					{
						"children": [
							{
								"data": "1",
								"key": "rolls"
							},
							{
								"open": {
									"rolls": 1,
									"entries": [
										{
											"type": "item",
											"name": "design:aqua_double_tile",
											"weight": 1
										}
									]
								},
								"key": "entries",
								"children": [
									{
										"open": [
											{
												"type": "item",
												"name": "design:aqua_double_tile",
												"weight": 1
											}
										],
										"is_minified": true,
										"children": {
											"type": "item",
											"name": "design:aqua_double_tile",
											"weight": 1
										}
									}
								]
							}
						]
					},
					{
						"children": [
							{
								"data": "1",
								"key": "rolls"
							},
							{
								"open": {
									"rolls": 1,
									"entries": [
										{
											"type": "item",
											"name": "design:aqua_quad_tile",
											"weight": 1
										}
									]
								},
								"key": "entries",
								"children": [
									{
										"open": [
											{
												"type": "item",
												"name": "design:aqua_quad_tile",
												"weight": 1
											}
										],
										"is_minified": true,
										"children": {
											"type": "item",
											"name": "design:aqua_quad_tile",
											"weight": 1
										}
									}
								]
							}
						]
					},
					{
						"children": [
							{
								"data": "1",
								"key": "rolls"
							},
							{
								"open": {
									"rolls": 1,
									"entries": [
										{
											"type": "item",
											"name": "design:chess_tile",
											"weight": 1
										}
									]
								},
								"key": "entries",
								"children": [
									{
										"open": [
											{
												"type": "item",
												"name": "design:chess_tile",
												"weight": 1
											}
										],
										"is_minified": true,
										"children": {
											"type": "item",
											"name": "design:chess_tile",
											"weight": 1
										}
									}
								]
							}
						]
					},
					{
						"children": [
							{
								"data": "1",
								"key": "rolls"
							},
							{
								"open": {
									"rolls": 1,
									"entries": [
										{
											"type": "item",
											"name": "design:brick_tile",
											"weight": 1
										}
									]
								},
								"key": "entries",
								"children": [
									{
										"open": [
											{
												"type": "item",
												"name": "design:brick_tile",
												"weight": 1
											}
										],
										"is_minified": true,
										"children": {
											"type": "item",
											"name": "design:brick_tile",
											"weight": 1
										}
									}
								]
							}
						]
					},
					{
						"children": [
							{
								"data": "1",
								"key": "rolls"
							},
							{
								"open": {
									"rolls": 1,
									"entries": [
										{
											"type": "item",
											"name": "design:diorite_tile",
											"weight": 1
										}
									]
								},
								"key": "entries",
								"children": [
									{
										"open": [
											{
												"type": "item",
												"name": "design:diorite_tile",
												"weight": 1
											}
										],
										"is_minified": true,
										"children": {
											"type": "item",
											"name": "design:diorite_tile",
											"weight": 1
										}
									}
								]
							}
						]
					},
					{
						"children": [
							{
								"data": "1",
								"key": "rolls"
							},
							{
								"open": {
									"rolls": 1,
									"entries": [
										{
											"type": "item",
											"name": "design:cold_stone_tile",
											"weight": 1
										}
									]
								},
								"key": "entries",
								"children": [
									{
										"open": [
											{
												"type": "item",
												"name": "design:cold_stone_tile",
												"weight": 1
											}
										],
										"is_minified": true,
										"children": {
											"type": "item",
											"name": "design:cold_stone_tile",
											"weight": 1
										}
									}
								]
							}
						]
					},
					{
						"children": [
							{
								"data": "1",
								"key": "rolls"
							},
							{
								"open": {
									"rolls": 1,
									"entries": [
										{
											"type": "item",
											"name": "design:marblesand_tile",
											"weight": 1
										}
									]
								},
								"key": "entries",
								"children": [
									{
										"open": [
											{
												"type": "item",
												"name": "design:marblesand_tile",
												"weight": 1
											}
										],
										"is_minified": true,
										"children": {
											"type": "item",
											"name": "design:marblesand_tile",
											"weight": 1
										}
									}
								]
							}
						]
					},
					{
						"children": [
							{
								"data": "1",
								"key": "rolls"
							},
							{
								"open": {
									"rolls": 1,
									"entries": [
										{
											"type": "item",
											"name": "design:pooltile",
											"weight": 1
										}
									]
								},
								"key": "entries",
								"children": [
									{
										"open": [
											{
												"type": "item",
												"name": "design:pooltile",
												"weight": 1
											}
										],
										"is_minified": true,
										"children": {
											"type": "item",
											"name": "design:pooltile",
											"weight": 1
										}
									}
								]
							}
						]
					},
					{
						"children": [
							{
								"data": "1",
								"key": "rolls"
							},
							{
								"open": {
									"rolls": 1,
									"entries": [
										{
											"type": "item",
											"name": "design:pooltile_brown",
											"weight": 1
										}
									]
								},
								"key": "entries",
								"children": [
									{
										"open": [
											{
												"type": "item",
												"name": "design:pooltile_brown",
												"weight": 1
											}
										],
										"is_minified": true,
										"children": {
											"type": "item",
											"name": "design:pooltile_brown",
											"weight": 1
										}
									}
								]
							}
						]
					},
					{
						"children": [
							{
								"data": "1",
								"key": "rolls"
							},
							{
								"open": {
									"rolls": 1,
									"entries": [
										{
											"type": "item",
											"name": "design:white_double_tile",
											"weight": 1
										}
									]
								},
								"key": "entries",
								"children": [
									{
										"open": [
											{
												"type": "item",
												"name": "design:white_double_tile",
												"weight": 1
											}
										],
										"is_minified": true,
										"children": {
											"type": "item",
											"name": "design:white_double_tile",
											"weight": 1
										}
									}
								]
							}
						]
					},
					{
						"open": [
							{
								"rolls": 1,
								"entries": [
									{
										"type": "item",
										"name": "design:aqua_double_tile",
										"weight": 1
									}
								]
							},
							{
								"rolls": 1,
								"entries": [
									{
										"type": "item",
										"name": "design:aqua_quad_tile",
										"weight": 1
									}
								]
							},
							{
								"rolls": 1,
								"entries": [
									{
										"type": "item",
										"name": "design:chess_tile",
										"weight": 1
									}
								]
							},
							{
								"rolls": 1,
								"entries": [
									{
										"type": "item",
										"name": "design:brick_tile",
										"weight": 1
									}
								]
							},
							{
								"rolls": 1,
								"entries": [
									{
										"type": "item",
										"name": "design:diorite_tile",
										"weight": 1
									}
								]
							},
							{
								"rolls": 1,
								"entries": [
									{
										"type": "item",
										"name": "design:cold_stone_tile",
										"weight": 1
									}
								]
							},
							{
								"rolls": 1,
								"entries": [
									{
										"type": "item",
										"name": "design:marblesand_tile",
										"weight": 1
									}
								]
							},
							{
								"rolls": 1,
								"entries": [
									{
										"type": "item",
										"name": "design:pooltile",
										"weight": 1
									}
								]
							},
							{
								"rolls": 1,
								"entries": [
									{
										"type": "item",
										"name": "design:pooltile_brown",
										"weight": 1
									}
								]
							},
							{
								"rolls": 1,
								"entries": [
									{
										"type": "item",
										"name": "design:white_double_tile",
										"weight": 1
									}
								]
							},
							{
								"rolls": 1,
								"entries": [
									{
										"type": "item",
										"name": "design:stone_tile_granulated",
										"weight": 1
									}
								]
							},
							{
								"rolls": 1,
								"entries": [
									{
										"type": "item",
										"name": "design:spottedstone_tile",
										"weight": 1
									}
								]
							},
							{
								"rolls": 1,
								"entries": [
									{
										"type": "item",
										"name": "design:wood_floor_tile",
										"weight": 1
									}
								]
							},
							{
								"rolls": 1,
								"entries": [
									{
										"type": "item",
										"name": "design:wood_floor_tile2",
										"weight": 1
									}
								]
							},
							{
								"rolls": 1,
								"entries": [
									{
										"type": "item",
										"name": "design:marble_smooth_tile",
										"weight": 1
									}
								]
							},
							{
								"rolls": 1,
								"entries": [
									{
										"type": "item",
										"name": "design:diorite_tile",
										"weight": 1
									}
								]
							}
						],
						"children": [
							{
								"data": "1",
								"key": "rolls"
							},
							{
								"open": {
									"rolls": 1,
									"entries": [
										{
											"type": "item",
											"name": "design:stone_tile_granulated",
											"weight": 1
										}
									]
								},
								"key": "entries",
								"children": [
									{
										"open": [
											{
												"type": "item",
												"name": "design:stone_tile_granulated",
												"weight": 1
											}
										],
										"is_minified": true,
										"children": {
											"type": "item",
											"name": "design:stone_tile_granulated",
											"weight": 1
										}
									}
								]
							}
						]
					},
					{
						"open": [
							{
								"rolls": 1,
								"entries": [
									{
										"type": "item",
										"name": "design:aqua_double_tile",
										"weight": 1
									}
								]
							},
							{
								"rolls": 1,
								"entries": [
									{
										"type": "item",
										"name": "design:aqua_quad_tile",
										"weight": 1
									}
								]
							},
							{
								"rolls": 1,
								"entries": [
									{
										"type": "item",
										"name": "design:chess_tile",
										"weight": 1
									}
								]
							},
							{
								"rolls": 1,
								"entries": [
									{
										"type": "item",
										"name": "design:brick_tile",
										"weight": 1
									}
								]
							},
							{
								"rolls": 1,
								"entries": [
									{
										"type": "item",
										"name": "design:diorite_tile",
										"weight": 1
									}
								]
							},
							{
								"rolls": 1,
								"entries": [
									{
										"type": "item",
										"name": "design:cold_stone_tile",
										"weight": 1
									}
								]
							},
							{
								"rolls": 1,
								"entries": [
									{
										"type": "item",
										"name": "design:marblesand_tile",
										"weight": 1
									}
								]
							},
							{
								"rolls": 1,
								"entries": [
									{
										"type": "item",
										"name": "design:pooltile",
										"weight": 1
									}
								]
							},
							{
								"rolls": 1,
								"entries": [
									{
										"type": "item",
										"name": "design:pooltile_brown",
										"weight": 1
									}
								]
							},
							{
								"rolls": 1,
								"entries": [
									{
										"type": "item",
										"name": "design:white_double_tile",
										"weight": 1
									}
								]
							},
							{
								"rolls": 1,
								"entries": [
									{
										"type": "item",
										"name": "design:stone_tile_granulated",
										"weight": 1
									}
								]
							},
							{
								"rolls": 1,
								"entries": [
									{
										"type": "item",
										"name": "design:spottedstone_tile",
										"weight": 1
									}
								]
							},
							{
								"rolls": 1,
								"entries": [
									{
										"type": "item",
										"name": "design:wood_floor_tile",
										"weight": 1
									}
								]
							},
							{
								"rolls": 1,
								"entries": [
									{
										"type": "item",
										"name": "design:wood_floor_tile2",
										"weight": 1
									}
								]
							},
							{
								"rolls": 1,
								"entries": [
									{
										"type": "item",
										"name": "design:marble_smooth_tile",
										"weight": 1
									}
								]
							},
							{
								"rolls": 1,
								"entries": [
									{
										"type": "item",
										"name": "design:diorite_tile",
										"weight": 1
									}
								]
							}
						],
						"children": [
							{
								"data": "1",
								"key": "rolls"
							},
							{
								"open": {
									"rolls": 1,
									"entries": [
										{
											"type": "item",
											"name": "design:spottedstone_tile",
											"weight": 1
										}
									]
								},
								"key": "entries",
								"children": [
									{
										"open": [
											{
												"type": "item",
												"name": "design:spottedstone_tile",
												"weight": 1
											}
										],
										"is_minified": true,
										"children": {
											"type": "item",
											"name": "design:spottedstone_tile",
											"weight": 1
										}
									}
								]
							}
						]
					},
					{
						"open": [
							{
								"rolls": 1,
								"entries": [
									{
										"type": "item",
										"name": "design:aqua_double_tile",
										"weight": 1
									}
								]
							},
							{
								"rolls": 1,
								"entries": [
									{
										"type": "item",
										"name": "design:aqua_quad_tile",
										"weight": 1
									}
								]
							},
							{
								"rolls": 1,
								"entries": [
									{
										"type": "item",
										"name": "design:chess_tile",
										"weight": 1
									}
								]
							},
							{
								"rolls": 1,
								"entries": [
									{
										"type": "item",
										"name": "design:brick_tile",
										"weight": 1
									}
								]
							},
							{
								"rolls": 1,
								"entries": [
									{
										"type": "item",
										"name": "design:diorite_tile",
										"weight": 1
									}
								]
							},
							{
								"rolls": 1,
								"entries": [
									{
										"type": "item",
										"name": "design:cold_stone_tile",
										"weight": 1
									}
								]
							},
							{
								"rolls": 1,
								"entries": [
									{
										"type": "item",
										"name": "design:marblesand_tile",
										"weight": 1
									}
								]
							},
							{
								"rolls": 1,
								"entries": [
									{
										"type": "item",
										"name": "design:pooltile",
										"weight": 1
									}
								]
							},
							{
								"rolls": 1,
								"entries": [
									{
										"type": "item",
										"name": "design:pooltile_brown",
										"weight": 1
									}
								]
							},
							{
								"rolls": 1,
								"entries": [
									{
										"type": "item",
										"name": "design:white_double_tile",
										"weight": 1
									}
								]
							},
							{
								"rolls": 1,
								"entries": [
									{
										"type": "item",
										"name": "design:stone_tile_granulated",
										"weight": 1
									}
								]
							},
							{
								"rolls": 1,
								"entries": [
									{
										"type": "item",
										"name": "design:spottedstone_tile",
										"weight": 1
									}
								]
							},
							{
								"rolls": 1,
								"entries": [
									{
										"type": "item",
										"name": "design:wood_floor_tile",
										"weight": 1
									}
								]
							},
							{
								"rolls": 1,
								"entries": [
									{
										"type": "item",
										"name": "design:wood_floor_tile2",
										"weight": 1
									}
								]
							},
							{
								"rolls": 1,
								"entries": [
									{
										"type": "item",
										"name": "design:marble_smooth_tile",
										"weight": 1
									}
								]
							},
							{
								"rolls": 1,
								"entries": [
									{
										"type": "item",
										"name": "design:diorite_tile",
										"weight": 1
									}
								]
							}
						],
						"children": [
							{
								"data": "1",
								"key": "rolls"
							},
							{
								"open": {
									"rolls": 1,
									"entries": [
										{
											"type": "item",
											"name": "design:wood_floor_tile",
											"weight": 1
										}
									]
								},
								"key": "entries",
								"children": [
									{
										"open": [
											{
												"type": "item",
												"name": "design:wood_floor_tile",
												"weight": 1
											}
										],
										"is_minified": true,
										"children": {
											"type": "item",
											"name": "design:wood_floor_tile",
											"weight": 1
										}
									}
								]
							}
						]
					},
					{
						"open": [
							{
								"rolls": 1,
								"entries": [
									{
										"type": "item",
										"name": "design:aqua_double_tile",
										"weight": 1
									}
								]
							},
							{
								"rolls": 1,
								"entries": [
									{
										"type": "item",
										"name": "design:aqua_quad_tile",
										"weight": 1
									}
								]
							},
							{
								"rolls": 1,
								"entries": [
									{
										"type": "item",
										"name": "design:chess_tile",
										"weight": 1
									}
								]
							},
							{
								"rolls": 1,
								"entries": [
									{
										"type": "item",
										"name": "design:brick_tile",
										"weight": 1
									}
								]
							},
							{
								"rolls": 1,
								"entries": [
									{
										"type": "item",
										"name": "design:diorite_tile",
										"weight": 1
									}
								]
							},
							{
								"rolls": 1,
								"entries": [
									{
										"type": "item",
										"name": "design:cold_stone_tile",
										"weight": 1
									}
								]
							},
							{
								"rolls": 1,
								"entries": [
									{
										"type": "item",
										"name": "design:marblesand_tile",
										"weight": 1
									}
								]
							},
							{
								"rolls": 1,
								"entries": [
									{
										"type": "item",
										"name": "design:pooltile",
										"weight": 1
									}
								]
							},
							{
								"rolls": 1,
								"entries": [
									{
										"type": "item",
										"name": "design:pooltile_brown",
										"weight": 1
									}
								]
							},
							{
								"rolls": 1,
								"entries": [
									{
										"type": "item",
										"name": "design:white_double_tile",
										"weight": 1
									}
								]
							},
							{
								"rolls": 1,
								"entries": [
									{
										"type": "item",
										"name": "design:stone_tile_granulated",
										"weight": 1
									}
								]
							},
							{
								"rolls": 1,
								"entries": [
									{
										"type": "item",
										"name": "design:spottedstone_tile",
										"weight": 1
									}
								]
							},
							{
								"rolls": 1,
								"entries": [
									{
										"type": "item",
										"name": "design:wood_floor_tile",
										"weight": 1
									}
								]
							},
							{
								"rolls": 1,
								"entries": [
									{
										"type": "item",
										"name": "design:wood_floor_tile2",
										"weight": 1
									}
								]
							},
							{
								"rolls": 1,
								"entries": [
									{
										"type": "item",
										"name": "design:marble_smooth_tile",
										"weight": 1
									}
								]
							},
							{
								"rolls": 1,
								"entries": [
									{
										"type": "item",
										"name": "design:diorite_tile",
										"weight": 1
									}
								]
							}
						],
						"children": [
							{
								"data": "1",
								"key": "rolls"
							},
							{
								"open": {
									"rolls": 1,
									"entries": [
										{
											"type": "item",
											"name": "design:wood_floor_tile2",
											"weight": 1
										}
									]
								},
								"key": "entries",
								"children": [
									{
										"open": [
											{
												"type": "item",
												"name": "design:wood_floor_tile2",
												"weight": 1
											}
										],
										"is_minified": true,
										"children": {
											"type": "item",
											"name": "design:wood_floor_tile2",
											"weight": 1
										}
									}
								]
							}
						]
					},
					{
						"open": [
							{
								"rolls": 1,
								"entries": [
									{
										"type": "item",
										"name": "design:aqua_double_tile",
										"weight": 1
									}
								]
							},
							{
								"rolls": 1,
								"entries": [
									{
										"type": "item",
										"name": "design:aqua_quad_tile",
										"weight": 1
									}
								]
							},
							{
								"rolls": 1,
								"entries": [
									{
										"type": "item",
										"name": "design:chess_tile",
										"weight": 1
									}
								]
							},
							{
								"rolls": 1,
								"entries": [
									{
										"type": "item",
										"name": "design:brick_tile",
										"weight": 1
									}
								]
							},
							{
								"rolls": 1,
								"entries": [
									{
										"type": "item",
										"name": "design:diorite_tile",
										"weight": 1
									}
								]
							},
							{
								"rolls": 1,
								"entries": [
									{
										"type": "item",
										"name": "design:cold_stone_tile",
										"weight": 1
									}
								]
							},
							{
								"rolls": 1,
								"entries": [
									{
										"type": "item",
										"name": "design:marblesand_tile",
										"weight": 1
									}
								]
							},
							{
								"rolls": 1,
								"entries": [
									{
										"type": "item",
										"name": "design:pooltile",
										"weight": 1
									}
								]
							},
							{
								"rolls": 1,
								"entries": [
									{
										"type": "item",
										"name": "design:pooltile_brown",
										"weight": 1
									}
								]
							},
							{
								"rolls": 1,
								"entries": [
									{
										"type": "item",
										"name": "design:white_double_tile",
										"weight": 1
									}
								]
							},
							{
								"rolls": 1,
								"entries": [
									{
										"type": "item",
										"name": "design:stone_tile_granulated",
										"weight": 1
									}
								]
							},
							{
								"rolls": 1,
								"entries": [
									{
										"type": "item",
										"name": "design:spottedstone_tile",
										"weight": 1
									}
								]
							},
							{
								"rolls": 1,
								"entries": [
									{
										"type": "item",
										"name": "design:wood_floor_tile",
										"weight": 1
									}
								]
							},
							{
								"rolls": 1,
								"entries": [
									{
										"type": "item",
										"name": "design:wood_floor_tile2",
										"weight": 1
									}
								]
							},
							{
								"rolls": 1,
								"entries": [
									{
										"type": "item",
										"name": "design:marble_smooth_tile",
										"weight": 1
									}
								]
							},
							{
								"rolls": 1,
								"entries": [
									{
										"type": "item",
										"name": "design:diorite_tile",
										"weight": 1
									}
								]
							}
						],
						"children": [
							{
								"data": "1",
								"key": "rolls"
							},
							{
								"open": {
									"rolls": 1,
									"entries": [
										{
											"type": "item",
											"name": "design:marble_smooth_tile",
											"weight": 1
										}
									]
								},
								"key": "entries",
								"children": [
									{
										"open": [
											{
												"type": "item",
												"name": "design:marble_smooth_tile",
												"weight": 1
											}
										],
										"is_minified": true,
										"children": {
											"type": "item",
											"name": "design:marble_smooth_tile",
											"weight": 1
										}
									}
								]
							}
						]
					},
					{
						"open": [
							{
								"rolls": 1,
								"entries": [
									{
										"type": "item",
										"name": "design:aqua_double_tile",
										"weight": 1
									}
								]
							},
							{
								"rolls": 1,
								"entries": [
									{
										"type": "item",
										"name": "design:aqua_quad_tile",
										"weight": 1
									}
								]
							},
							{
								"rolls": 1,
								"entries": [
									{
										"type": "item",
										"name": "design:chess_tile",
										"weight": 1
									}
								]
							},
							{
								"rolls": 1,
								"entries": [
									{
										"type": "item",
										"name": "design:brick_tile",
										"weight": 1
									}
								]
							},
							{
								"rolls": 1,
								"entries": [
									{
										"type": "item",
										"name": "design:diorite_tile",
										"weight": 1
									}
								]
							},
							{
								"rolls": 1,
								"entries": [
									{
										"type": "item",
										"name": "design:cold_stone_tile",
										"weight": 1
									}
								]
							},
							{
								"rolls": 1,
								"entries": [
									{
										"type": "item",
										"name": "design:marblesand_tile",
										"weight": 1
									}
								]
							},
							{
								"rolls": 1,
								"entries": [
									{
										"type": "item",
										"name": "design:pooltile",
										"weight": 1
									}
								]
							},
							{
								"rolls": 1,
								"entries": [
									{
										"type": "item",
										"name": "design:pooltile_brown",
										"weight": 1
									}
								]
							},
							{
								"rolls": 1,
								"entries": [
									{
										"type": "item",
										"name": "design:white_double_tile",
										"weight": 1
									}
								]
							},
							{
								"rolls": 1,
								"entries": [
									{
										"type": "item",
										"name": "design:stone_tile_granulated",
										"weight": 1
									}
								]
							},
							{
								"rolls": 1,
								"entries": [
									{
										"type": "item",
										"name": "design:spottedstone_tile",
										"weight": 1
									}
								]
							},
							{
								"rolls": 1,
								"entries": [
									{
										"type": "item",
										"name": "design:wood_floor_tile",
										"weight": 1
									}
								]
							},
							{
								"rolls": 1,
								"entries": [
									{
										"type": "item",
										"name": "design:wood_floor_tile2",
										"weight": 1
									}
								]
							},
							{
								"rolls": 1,
								"entries": [
									{
										"type": "item",
										"name": "design:marble_smooth_tile",
										"weight": 1
									}
								]
							},
							{
								"rolls": 1,
								"entries": [
									{
										"type": "item",
										"name": "design:diorite_tile",
										"weight": 1
									}
								]
							}
						],
						"children": [
							{
								"data": "1",
								"key": "rolls"
							},
							{
								"open": {
									"rolls": 1,
									"entries": [
										{
											"type": "item",
											"name": "design:diorite_tile",
											"weight": 1
										}
									]
								},
								"key": "entries",
								"children": [
									{
										"open": [
											{
												"type": "item",
												"name": "design:diorite_tile",
												"weight": 1
											}
										],
										"is_minified": true,
										"children": {
											"type": "item",
											"name": "design:diorite_tile",
											"weight": 1
										}
									}
								]
							}
						]
					}
				]
			}
		]
	}
}