{
    "format_version": "1.16.0",
    "minecraft:block": {
        "description": {
            "identifier": "spacecraft:nasa_crafting_table"
        },
        "components": {
            "minecraft:material_instances": {
                "*": {
                    "texture": "nasa_crafting_table",
                    "render_method": "blend"
                }
            },
            "minecraft:loot": "loot_tables/chests/loot_tables/blocks/nasa_crafting_table.json",
            "minecraft:geometry": "geometry.nasa_crafting_table",
            "minecraft:destroy_time": 1.0,
            "minecraft:crafting_table": {
                "grid_size": 3,
                "custom_description": "NASA Crafting Table",
                "crafting_tags": [
                    "nasa_crafting_table"
                ]
            },
            "minecraft:friction": 0.6,
            "minecraft:map_color": "#00ff00",
            "minecraft:flammable": {
                "flame_odds": 0,
                "burn_odds": 0
            },
            "minecraft:block_light_emission": 0.0
        }
    }
}