{"packs":[{"can_be_redownloaded":false,"name":"§e§lOre Nuggets v3.0","uuid":"736b8117-af6d-4fdf-980a-6af4ceca6065","version":[1,0,0]},{"can_be_redownloaded":true,"name":"§dHybred's §bSkybox","subpacks_count":12,"uuid":"51705d59-6073-31f1-bfac-3dedfa3cdf84","version":[3,0,2]},{"can_be_redownloaded":true,"name":"NPC R","uuid":"0a5b8e8b-9730-49b1-bc58-d434c6ca84b7","version":[1,2,0]},{"can_be_redownloaded":true,"name":"§6Resource §l§fPlayer Model §eNPC","uuid":"84786532-462a-9c36-34b0-941748105854","version":[0,0,1]},{"can_be_redownloaded":true,"name":"§dBetter Jetpack Add-On§a[Resources]","uuid":"769977ea-a630-43c9-8bf8-c07b6f01c1a5","version":[1,9,0]},{"can_be_redownloaded":false,"name":"§lQuarry §4Add-On §fV3.4 R","uuid":"6f26ae66-d2a1-6766-be3e-642a67b44160","version":[1,0,0]},{"can_be_redownloaded":false,"name":"sspedstar functions","uuid":"bcbcb999-e0dd-438d-ac51-d89e96380c7a","version":[0,0,1]}]}
