{
  "format_version": "1.12",
  "minecraft:recipe_shaped": {
    "description": {
      "identifier": "recipes_6236d125"
    },
    "tags": [
      "crafting_table"
    ],
    "pattern": [
      " A ",
      "BCB",
      " C "
    ],
    "key": {
      "A": {
        "item": "minecraft:golden_helmet",
        "data": 0
      },
      "B": {
        "item": "minecraft:emerald",
        "data": 0
      },
      "C": {
        "item": "minecraft:gold_ingot",
        "data": 0
      }
    },
    "result": {
      "item": "minecraft:totem",
      "count": 1,
      "data": 0
    }
  }
}