{
  "format_version": "1.12",
  "minecraft:recipe_shaped": {
    "description": {
      "identifier": "moonwater_172a3024"
    },
    "tags": [
      "crafting_table"
    ],
    "pattern": [
      "ABA",
      "CDC",
      "CCC"
    ],
    "key": {
      "A": {
        "item": "sswm:space_core",
        "data": 0
      },
      "B": {
        "item": "minecraft:appleenchanted",
        "data": 0
      },
      "C": {
        "item": "sswm:mytic_orb",
        "data": 0
      },
      "D": {
        "item": "minecraft:bucket",
        "data": 8
      }
    },
    "result": {
      "item": "sswm:moonwater",
      "count": 1
    }
  }
}