{
	"format_version": "1.8.0",
	"animations": {
		"animation.lander.launch": {
			"loop": "hold_on_last_frame",
			"animation_length": 999999,
			"bones": {
				"trap0": {
					"rotation": {
						"0.0": {
							"post": [0, 0, 0],
							"lerp_mode": "catmullrom"
						},
						"2.0": {
							"post": [-40, 0, 0],
							"lerp_mode": "catmullrom"
						},
						"99999.0": {
							"post": [-40, 0, 0],
							"lerp_mode": "catmullrom"
						}
					}
				},
				"trap1": {
					"rotation": {
						"0.0": {
							"post": [0, 0, 0],
							"lerp_mode": "catmullrom"
						},
						"2.0": {
							"post": [-40, 0, 0],
							"lerp_mode": "catmullrom"
						},
						"99999.0": {
							"post": [-40, 0, 0],
							"lerp_mode": "catmullrom"
						}
					}
				},
				"trap2": {
					"rotation": {
						"0.0": {
							"post": [0, 0, 0],
							"lerp_mode": "catmullrom"
						},
						"2.0": {
							"post": [-40, 0, 0],
							"lerp_mode": "catmullrom"
						},
						"99999.0": {
							"post": [-40, 0, 0],
							"lerp_mode": "catmullrom"
						}
					}
				},
				"trap3": {
					"rotation": {
						"0.0": {
							"post": [0, 0, 0],
							"lerp_mode": "catmullrom"
						},
						"2.0": {
							"post": [-40, 0, 0],
							"lerp_mode": "catmullrom"
						},
						"99999.0": {
							"post": [-40, 0, 0],
							"lerp_mode": "catmullrom"
						}
					}
				},
				"moved": {
					"rotation": {
						"0.0": {
							"post": [0, 0, 0],
							"lerp_mode": "catmullrom"
						},
						"2.0": {
							"post": [97.5, 0, 0],
							"lerp_mode": "catmullrom"
						},
						"99999.0": {
							"post": [97.5, 0, 0],
							"lerp_mode": "catmullrom"
						}
					}
				},
				"moved2": {
					"rotation": {
						"0.0": {
							"post": [0, 0, 0],
							"lerp_mode": "catmullrom"
						},
						"2.0": {
							"post": [97.5, 0, 0],
							"lerp_mode": "catmullrom"
						},
						"99999.0": {
							"post": [97.5, 0, 0],
							"lerp_mode": "catmullrom"
						}
					}
				},
				"moved3": {
					"rotation": {
						"0.0": {
							"post": [0, 0, 0],
							"lerp_mode": "catmullrom"
						},
						"2.0": {
							"post": [97.5, 0, 0],
							"lerp_mode": "catmullrom"
						},
						"99999.0": {
							"post": [97.5, 0, 0],
							"lerp_mode": "catmullrom"
						}
					}
				},
				"moved4": {
					"rotation": {
						"0.0": {
							"post": [0, 0, 0],
							"lerp_mode": "catmullrom"
						},
						"2.0": {
							"post": [97.5, 0, 0],
							"lerp_mode": "catmullrom"
						},
						"99999.0": {
							"post": [97.5, 0, 0],
							"lerp_mode": "catmullrom"
						}
					}
				}
			}
		}
	}
}