{
  "format_version": "1.10.0",
  "minecraft:entity": {
    "description": {
      "identifier": "ed:advanced_jetpack_boost",
      "is_spawnable": false,
      "is_summonable": true,
      "is_experimental": false
    },
    "component_groups": {
      "minecraft:despawn": {
        "minecraft:type_family": { "family": [ "jetpack" ] }
      }
	},
    "components": {
      "minecraft:collision_box": {
        "width": 0.0,
        "height": 0.0
      },
      	  "minecraft:despawn": {
	    "filters": {
		  "all_of": [
		    { "test": "is_family", "subject": "self", "value": "jetpack" }
		  ]
		}
	  },
                          "minecraft:behavior.knockback_roar": {
        "priority": 1,
        "duration": 0.2,
        "attack_time": 0.1,
        "knockback_damage": 0,
        "knockback_strength": 2,
        "knockback_range": 3,
        "knockback_filters": {
		  "all_of": [
		    { "test": "is_family", "subject": "other", "value": "player" }
		  ]
        },
        "on_roar_end": {
          "event": "minecraft:event_despawn"
        },
        "damage_filters": {
		  "all_of": [
		    { "test": "is_family", "subject": "other", "value": "inanimate" }
		  ]
        }
      },
      "minecraft:physics": {},
      "minecraft:explode": {
        "fuseLength": 2,
        "power": 4,
        "fuseLit": false,
        "causesFire": false
      },
            				"minecraft:damage_sensor": {
					"triggers": [
						{
							"cause": "entity_attack",
							"deals_damage": false
						},
						{
							"cause": "suffocation",
							"deals_damage": false
						}
						]
				}
    },
        "events": {
      "minecraft:event_despawn": {
	    "add": { "component_groups": [ "minecraft:despawn" ] }
      }
    }
  }
}