{
	"format_version": "1.16.100",
	"minecraft:item": {
		"description": {
			"identifier": "cosmo:diamond_drill",
			"category": "items"
		},
		"components": {
			"minecraft:display_name": {
				"value": "Diamond Drill\n§d[Cosmos]"
			},
			"minecraft:creative_category": {
				"parent": "itemGroup.name.pickaxe"
			},
			"minecraft:max_stack_size": 1,
			"minecraft:hand_equipped": true,
			"minecraft:icon": {
				"texture": "cosmo_diamond_drill"
			},
			"minecraft:repairable": {
				"repair_items": [
					{
						"items": [
							"minecraft:diamond"
						],
						"repair_amount": 200
					}
				]
			},
			"minecraft:mining_speed": 5,
			"minecraft:damage": 3,
			"minecraft:enchantable": {
				"value": 14,
				"slot": "pickaxe"
			},
			"minecraft:digger": {
				"use_efficiency": true,
				"destroy_speeds": [
					{
						"block": "cosmo:moon_rock",
						"speed": 50
					},
					{
						"block": "cosmo:mars_rock",
						"speed": 50
					},
					{
						"block": "cosmo:mars_soil",
						"speed": 50
					}
				]
			},
			"tag:minecraft:is_pickaxe": {},
			"tag:minecraft:weapon": {},
			"minecraft:weapon": {}
		},
		"events": {}
	}
}