{
  "format_version": "1.10",
  "minecraft:item": {
    "description": {
      "identifier": "test:shield3"
    },
    
    "components": {
      "minecraft:hand_equipped": false,
      "minecraft:stacked_by_data": true,
      "minecraft:use_duration": 32,
      "minecraft:foil": true,
      "minecraft:food": {
        "nutrition": 4,
        "saturation_modifier": "supernatural",
        "can_always_eat": true,
        "effects": [
          {
            "name": "health_boost",
            "chance": 1.0,
            "duration": 1800,
            "amplifier": 14
          },          {
            "name": "resistance", // damage resistance
            "chance": 1.0,
            "duration": 1800,
            "amplifier": 4
          },
          {
            "name": "fire_resistance",
            "chance": 1.0,
            "duration": 1800,
            "amplifier": 10
          }
        ]
      }
    }
  }
}