{
  "format_version": "1.12",
  "minecraft:recipe_shapeless": {
    "description": {
    "identifier": "ed:rainbow_fuel"
    },

    
    "tags": [ "crafting_table" ],
    "ingredients": [
      {
        "item": "minecraft:dye",
        "data":1
      },
            {
        "item": "minecraft:dye",
        "data":14
      },
      {
        "item": "minecraft:dye",
        "data":11
      },
      {
        "item": "minecraft:dye",
        "data":10
      },
      {
        "item": "minecraft:dye",
        "data":18
      },
      {
        "item": "minecraft:dye",
        "data":13
      },
      {
        "item": "minecraft:dye",
        "data":12
      },
      {
        "item": "minecraft:dye",
        "data":19
      },
      {
        "item": "minecraft:bucket"
      }
    ],
    "result": {
      "item": "ed:rainbow_fuel",
      "count" : 1
    }
  }
}
