{
	"format_version": [
		1,
		1,
		0
	],
	"design:celllight": {
		"textures": "celllight",
		"sound": "glass"
	},
	"design:ashbrick": {
		"textures": "ashbrick",
		"sound": "stone"
	},
	"design:celllight_off": {
		"textures": "celllight_off",
		"sound": "glass"
	},
	"design:green_celllight": {
		"textures": "green_celllight",
		"sound": "glass"
	},
	"design:green_celllight_off": {
		"textures": "green_celllight_off",
		"sound": "glass"
	},
	"design:red_celllight": {
		"textures": "red_celllight",
		"sound": "glass"
	},
	"design:red_celllight_off": {
		"textures": "red_celllight_off",
		"sound": "glass"
	},
	"design:hardened_concrete": {
		"textures": "hardened_concrete",
		"sound": "stone"
	},
	"design:nailed_hardened_concrete": {
		"textures": "nailed_hardened_concrete",
		"sound": "netherite"
	},
	"design:gold_cast_emerald_block": {
		"textures": "gold_cast_emerald_block",
		"sound": "netherite"
	},
	"design:white_wood_bookshelf": {
		"textures": {
			"up": "white_wood_bookshelf_top",
			"down": "white_wood_bookshelf_bottom",
			"side": "white_wood_bookshelf_side"
		},
		"sound": "wood"
	},
	"design:beetroot_crate": {
		"textures": {
			"up": "beetroot_crate_top",
			"down": "beetroot_crate",
			"side": "beetroot_crate_side"
		},
		"sound": "stem"
	},
	"design:warped_bookshelf": {
		"textures": {
			"up": "warped_planks",
			"down": "warped_planks",
			"side": "warped_bookshelf"
		},
		"sound": "wood"
	},
	"design:crate": {
		"textures": {
			"up": "crate",
			"down": "crate",
			"side": "nailed_crate"
		},
		"sound": "wood"
	},
	"design:jungle_bookshelf": {
		"textures": {
			"up": "jungle_planks",
			"down": "jungle_planks",
			"side": "jungle_bookshelf"
		},
		"sound": "wood"
	},
	"design:dark_oak_bookshelf": {
		"textures": {
			"up": "dark_oak_planks",
			"down": "dark_oak_planks",
			"side": "dark_oak_bookshelf"
		},
		"sound": "wood"
	},
	"design:crimson_bookshelf": {
		"textures": {
			"up": "crimson_planks",
			"down": "crimson_planks",
			"side": "crimson_bookshelf"
		},
		"sound": "wood"
	},
	"design:birch_bookshelf": {
		"textures": {
			"up": "birch_planks",
			"down": "birch_planks",
			"side": "birch_bookshelf"
		},
		"sound": "wood"
	},
	"design:acacia_bookshelf": {
		"textures": {
			"up": "acacia_planks",
			"down": "acacia_planks",
			"side": "acacia_bookshelf"
		},
		"sound": "wood"
	},
	"design:bflower_pot": {
		"textures": {
			"up": "bflower_pot_top",
			"down": "bflower_pot_bottom",
			"side": "bflower_pot_side"
		},
		"sound": "wood"
	},
	"design:cabinet": {
		"textures": {
			"up": "cabinet_top",
			"down": "cabinet_bottom",
			"side": "cabinet_side"
		},
		"sound": "wood"
	},
	"design:vent1": {
		"textures": {
			"up": "vent1_top",
			"down": "vent1_bottom",
			"side": "vent1_side"
		},
		"sound": "netherite"
	},
	"design:blue_nether_bricks": {
		"textures": "blue_nether_bricks",
		"sound": "stem"
	},
	"design:office_vent": {
		"textures": {
			"up": "office_vent_top",
			"down": "office_vent_bottom",
			"side": "office_vent_side"
		},
		"sound": "netherite"
	},
	"design:ashi": {
		"textures": "ashbrick",
		"sound": "nether_brick"
	},
	"design:neon_lamp": {
		"textures": "neon_lamp",
		"sound": "glass"
	},
	"design:chess_tile": {
		"textures": "chess_tile",
		"sound": "stone"
	},
	"design:pooltile": {
		"textures": "pooltile",
		"sound": "nether_brick"
	},
	"design:aqua_double_tile": {
		"textures": "aqua_double_tile",
		"sound": "stone"
	},
		"design:aqua_quad_tile": {
		"textures": "aqua_quad_tile",
		"sound": "stone"
	},
	"design:white_wood_planks": {
		"textures": "white_wood_planks",
		"sound": "wood"
	},
	"design:red_planks": {
		"textures": "red_planks",
		"sound": "wood"
	},
	"design:blue_planks": {
		"textures": "blue_planks",
		"sound": "wood"
	},
	"design:yellow_planks": {
		"textures": "yellow_planks",
		"sound": "wood"
	},
	"design:black_planks": {
		"textures": "black_planks",
		"sound": "wood"
	},
	"design:green_planks": {
		"textures": "green_planks",
		"sound": "wood"
	},
	"design:gray_planks": {
		"textures": "gray_planks",
		"sound": "wood"
	},
	"design:bamboo_wood_planks": {
		"textures": "bamboo_wood_planks",
		"sound": "wood"
	},
	"design:dead_wood_planks": {
		"textures": "dead_wood_planks",
		"sound": "wood"
	},
	"design:amber_planks": {
		"textures": "amber_planks",
		"sound": "wood"
	},
	"design:wood_floor_tile2": {
		"textures": "wood_floor_tile2",
		"sound": "wood"
	},
	"design:smokey_concrete1": {
		"textures": "smokey_concrete1",
		"sound": "stone"
	},
	"design:smokey_concrete2": {
		"textures": "smokey_concrete2",
		"sound": "stone"
	},
	"design:smooth_dark_oak": {
		"textures": "smooth_dark_oak",
		"sound": "wood"
	},
	"design:smooth_dark_oak_up": {
		"textures": "smooth_dark_oak_up",
		"sound": "wood"
	},
	"design:smooth_spruce": {
		"textures": "smooth_spruce",
		"sound": "wood"
	},
	"design:smooth_spruce_up": {
		"textures": "smooth_spruce_up",
		"sound": "wood"
	},
	"design:marblesand_tile": {
		"textures": "marblesand_tile",
		"sound": "stone"
	},
	"design:sandstone_pillar": {
		"textures": "sandstone_pillar",
		"sound": "stone"
	},
	"design:sandy_concrete": {
		"textures": "sandy_concrete",
		"sound": "stone"
	},
	"design:spottedstone_tile": {
		"textures": "spottedstone_tile",
		"sound": "stone"
	},
	"design:white_double_tile": {
		"textures": "white_double_tile",
		"sound": "stone"
	},
	"design:vent_fan": {
		"textures": "vent_fan",
		"sound": "netherite"
	},
	"design:vent": {
		"textures": "vent",
		"sound": "netherite"
	},
	"design:compressed_cobblestone": {
		"textures": "compressed_cobblestone",
		"sound": "stone"
	},
	"design:office_ceiling": {
		"textures": "office_ceiling",
		"sound": "stone"
	},
	"design:office_neon": {
		"textures": "office_neon",
		"sound": "glass"
	},
	"design:office_neon_off": {
		"textures": "office_neon_off",
		"sound": "glass"
	},
	"design:office_neon_semioff": {
		"textures": "office_neon_semioff",
		"sound": "glass"
	},
	"design:office_carpet": {
		"textures": "office_carpet",
		"sound": "cloth"
	},
	"design:office_blue_carpet": {
		"textures": "office_blue_carpet",
		"sound": "cloth"
	},
	"design:office_white_carpet": {
		"textures": "office_white_carpet",
		"sound": "cloth"
	},
	"design:diorite_tile": {
		"textures": "diorite_tile",
		"sound": "stone"
	},
	"design:magma_cob": {
		"textures": "magma_cob",
		"sound": "stone"
	},
	"design:planks_spruce_polished": {
		"textures": "planks_spruce_polished",
		"sound": "wood"
	},
	"design:sugarcane_block": {
		"textures": {
			"up": "sugar_cane_block_top",
			"down": "sugar_cane_block_top",
			"side": "sugar_cane_block"
		},
		"sound": "wood"
	},
	"design:stone_tile_granulated": {
		"textures": "stone_tile_granulated",
		"sound": "stone"
	},
	"design:marble_smooth_tile": {
		"textures": "marble_smooth_tile",
		"sound": "stone"
	},
	"design:white_bricks": {
		"textures": "white_bricks",
		"sound": "stone"
	},
	"design:blue_bricks": {
		"textures": "blue_bricks",
		"sound": "stone"
	},
	"design:concrete_pale_green": {
		"textures": "concrete_pale_green",
		"sound": "stone"
	},
	"design:pale_crimson_bricks": {
		"textures": "pale_crimson_bricks",
		"sound": "stone"
	},
	"design:snowy_pale_crimson_bricks": {
		"textures": {
			"up": "snowy_pale_crimson_bricks_top",
			"down": "snowy_pale_crimson_bricks_bottom",
			"side": "snowy_pale_crimson_bricks_side"
		},

		"sound": "stone"
	},
	"design:spruce_bookshelf": {
		"textures": {
			"up": "spruce_planks",
			"down": "spruce_planks",
			"side": "spruce_bookshelf"
		},

		"sound": "stone"
	},
	"design:wall_design": {
		"textures": "wall_design",
		"sound": "stone"
	},
	"design:cold_stone_tile": {
		"textures": "cold_stone_tile",
		"sound": "stone"
	},
	"design:flowerwall": {
		"textures": "flowerwall",
		"sound": "stone"
	},
	"design:office_light": {
		"textures": "office_light",
		"sound": "stone"
	},
	"design:industrial_block": {
		"textures": "industrial_block",
		"sound": "stone"
	},
	"design:diorite_tile": {
		"textures": "diorite_tile",
		"sound": "stone"
	},
	"design:wallpaper_bottom": {
		"textures": "wallpaper_bottom",
		"sound": "wood"
	},
	"design:wallpaper_top": {
		"textures": "wallpaper_top",
		"sound": "wood"
	},
	"design:gold_brick": {
		"textures": "gold_brick",
		"sound": "netherite"
	},
	"design:diamond_brick": {
		"textures": "diamond_brick",
		"sound": "stone"
	},
	"design:crimson_blood_brick": {
		"textures": "crimson_blood_brick",
		"sound": "stone"
	},
	"design:gold_cast_lapis_block": {
		"textures": "gold_cast_lapis_block",
		"sound": "netherite"
	},
	"design:magma_quartz": {
		"textures": "magma_quartz",
		"sound": "stone"
	},
	"design:seared_brick": {
		"textures": "seared_brick",
		"sound": "stone"
	},
	"design:smooth_glowstone": {
		"textures": "smooth_glowstone",
		"sound": "glass"
	},
	"design:concrete_brick_left": {
		"textures": "concrete_brick_left",
		"sound": "stone"
	},
	"design:concrete_brick_right": {
		"textures": "concrete_brick_right",
		"sound": "stone"
	},
	"design:pooltile_brown": {
		"textures": "pooltile_brown",
		"sound": "nether_brick"
	},
	"design:brick_tile": {
		"textures": "brick_tile",
		"sound": "nether_brick"
	},
	"design:wood_floor_tile": {
		"textures": "wood_floor_tile",
		"sound": "wood"
	},
	"design:pale_ashbrick": {
		"textures": "pale_ashbrick",
		"sound": "nether_brick"
	},
	"design:fresh_brick": {
		"textures": "fresh_brick",
		"sound": "stone"
	},
	"design:fresh_brick_black": {
		"textures": "fresh_brick_black",
		"sound": "stone"
	},
	"design:fresh_brick_blue": {
		"textures": "fresh_brick_blue",
		"sound": "stone"
	},
	"design:fresh_brick_brown": {
		"textures": "fresh_brick_brown",
		"sound": "stone"
	},
	"design:fresh_brick_cyan": {
		"textures": "fresh_brick_cyan",
		"sound": "stone"
	},
	"design:fresh_brick_gray": {
		"textures": "fresh_brick_gray",
		"sound": "stone"
	},
	"design:fresh_brick_green": {
		"textures": "fresh_brick_green",
		"sound": "stone"
	},
	"design:fresh_brick_light_blue": {
		"textures": "fresh_brick_light_blue",
		"sound": "stone"
	},
	"design:fresh_brick_light_gray": {
		"textures": "fresh_brick_light_gray",
		"sound": "stone"
	},
	"design:fresh_brick_lime": {
		"textures": "fresh_brick_lime",
		"sound": "stone"
	},
	"design:fresh_brick_magenta": {
		"textures": "fresh_brick_magenta",
		"sound": "stone"
	},
	"design:fresh_brick_orange": {
		"textures": "fresh_brick_orange",
		"sound": "stone"
	},
	"design:fresh_brick_pink": {
		"textures": "fresh_brick_pink",
		"sound": "stone"
	},
	"design:fresh_brick_purple": {
		"textures": "fresh_brick_purple",
		"sound": "stone"
	},
	"design:fresh_brick_red": {
		"textures": "fresh_brick_red",
		"sound": "stone"
	},
	"design:fresh_brick_white": {
		"textures": "fresh_brick_white",
		"sound": "stone"
	},
	"design:fresh_brick_yellow": {
		"textures": "fresh_brick_yellow",
		"sound": "stone"
	},
	"design:silk_brick": {
		"textures": "silk_brick",
		"sound": "stone"
	},
	"design:silk_brick2": {
		"textures": "silk_brick2",
		"sound": "stone"
	},
	"design:black_quartz": {
		"textures": "black_quartz",
		"sound": "stone"
	},
	"design:smooth_black_quartz": {
		"textures": "smooth_black_quartz",
		"sound": "stone"
	},
	"design:black_quartz_chiseled1": {
		"textures": "black_quartz_chiseled1",
		"sound": "stone"
	},
	"design:black_quartz_chiseled2": {
		"textures": "black_quartz_chiseled2",
		"sound": "stone"
	},
	"design:concrete_road_connector1": {
		"textures": {
			"up": "concrete_road_connector1",
			"down": "concrete_powder_gray",
			"side": "concrete_powder_gray"
		},
		"sound": "stone"
	},
	"design:concrete_road_connector2": {
		"textures": {
			"up": "concrete_road_connector2",
			"down": "concrete_powder_gray",
			"side": "concrete_powder_gray"
		},
		"sound": "stone"
	},
	"design:concrete_road_connector3": {
		"textures": {
			"up": "concrete_road_connector3",
			"down": "concrete_powder_gray",
			"side": "concrete_powder_gray"
		},
		"sound": "stone"
	},
	"design:concrete_road_connector4": {
		"textures": {
			"up": "concrete_road_connector4",
			"down": "concrete_powder_gray",
			"side": "concrete_powder_gray"
		},
		"sound": "stone"
	},
	"design:concrete_road_connector5": {
		"textures": {
			"up": "concrete_road_connector5",
			"down": "concrete_powder_gray",
			"side": "concrete_powder_gray"
		},
		"sound": "stone"
	},
	"design:concrete_road_straight_white_line1": {
		"textures": {
			"up": "concrete_road_straight_white_line1",
			"down": "concrete_powder_gray",
			"side": "concrete_powder_gray"
		},
		"sound": "stone"
	},
	"design:concrete_road_straight_white_line2": {
		"textures": {
			"up": "concrete_road_straight_white_line2",
			"down": "concrete_powder_gray",
			"side": "concrete_powder_gray"
		},
		"sound": "stone"
	},
	"design:concrete_road_corner1": {
		"textures": {
			"up": "concrete_road_corner1",
			"down": "concrete_powder_gray",
			"side": "concrete_powder_gray"
		},
		"sound": "stone"
	},
	"design:concrete_road_corner2": {
		"textures": {
			"up": "concrete_road_corner2",
			"down": "concrete_powder_gray",
			"side": "concrete_powder_gray"
		},
		"sound": "stone"
	},
	"design:concrete_road_corner3": {
		"textures": {
			"up": "concrete_road_corner3",
			"down": "concrete_powder_gray",
			"side": "concrete_powder_gray"
		},
		"sound": "stone"
	},
	"design:concrete_road_corner4": {
		"textures": {
			"up": "concrete_road_corner4",
			"down": "concrete_powder_gray",
			"side": "concrete_powder_gray"
		},
		"sound": "stone"
	}
}