{
  "format_version": "1.12",
  "minecraft:recipe_shaped": {
    "description": {
      "identifier": "end_gateway"
    },
    "tags": [
      "crafting_table"
    ],
    "pattern": [
      " A ",
      "ABA",
      " A "
    ],
    "key": {
      "A": {
        "item": "minecraft:bedrock",
        "data": 0
      },
      "B": {
        "item": "minecraft:ender_eye",
        "data": 0
      }
    },
    "result": {
      "item": "minecraft:end_gateway",
      "count": 4
    }
  }
}
