{
	"format_version": "1.16.220",
	"minecraft:entity": {
		"description": {
			"identifier": "cosmo:rocket",
			"is_spawnable": true,
			"is_summonable": true,
			"animations": {
				"rocket_ui": "animation.rocket_ui",
				"rocket_ui_tier_2": "animation.rocket_ui_tier_2",
				"launch_overworld": "animation.launch_overworld",
				"launch_moon": "animation.launch_moon",
				"launch_mars": "animation.launch_mars"
			},
			"scripts": {
				"animate": [
					{
						"rocket_ui": "query.is_saddled&&q.has_rider&&!q.variant&&q.mark_variant==1"
					},
					{
						"rocket_ui_tier_2": "query.is_saddled&&q.has_rider&&!q.variant&&q.mark_variant==2"
					},
					{
						"launch_overworld": "q.has_rider&&q.variant==2&&q.mark_variant>=1"
					},
					{
						"launch_moon": "q.has_rider&&q.variant==3&&q.mark_variant>=1"
					},
					{
						"launch_mars": "q.has_rider&&q.variant==4&&q.mark_variant>=2"
					}
				]
			}
		},
		"component_groups": {
			"has_fuel": {
				"minecraft:is_saddled": {}
			},
			"variant_ui": {
				"minecraft:variant": {
					"value": 1
				}
			},
			"tier_2": {
				"minecraft:mark_variant": {
					"value": 2
				}
			},
			"variant_overworld": {
				"minecraft:variant": {
					"value": 2
				}
			},
			"variant_moon": {
				"minecraft:variant": {
					"value": 3
				}
			},
			"variant_mars": {
				"minecraft:variant": {
					"value": 4
				}
			}
		},
		"components": {
			"minecraft:mark_variant": {
				"value": 1
			},
			"minecraft:physics": {
				"has_collision": true,
				"has_gravity": true
			},
			"minecraft:health": {
				"value": 1
			},
			"minecraft:collision_box": {
				"height": 2,
				"width": 1
			},
			"minecraft:loot": {
				"table": "loot_tables/entities/rocket.json"
			},
			"minecraft:inventory": {
				"inventory_size": 2,
				"container_type": "horse"
			},
			"minecraft:npc": {},
			"minecraft:equippable": {
				"slots": [
					{
						"slot": 0,
						"item": "cosmo:fuel_tank",
						"accepted_items": [
							"cosmo:fuel_tank"
						],
						"on_equip": {
							"event": "fuel_rocket"
						}
					},
					{
						"slot": 1,
						"item": "cosmo:tier_2_upgrade",
						"accepted_items": [
							"cosmo:tier_2_upgrade"
						],
						"on_equip": {
							"event": "upgrade_rocket"
						}
					}
				]
			},
			"minecraft:rideable": {
				"controlling_seat": 1,
				"interact_text": "Enter Rocket",
				"seats": [
					{
						"position": [
							0,
							0.4,
							0
						]
					}
				]
			},
			"minecraft:damage_sensor": {
				"triggers": {
					"cause": "fall",
					"deals_damage": false
				}
			}
		},
		"events": {
			"open_ui": {
				"run_command": {
					"command": [
						"tag @s add ui"
					]
				}
			},
			"close_ui": {
				"run_command": {
					"command": [
						"tag @s remove ui"
					]
				}
			},
			"fuel_rocket": {
				"add": {
					"component_groups": [
						"has_fuel"
					]
				}
			},
			"upgrade_rocket": {
				"add": {
					"component_groups": [
						"tier_2"
					]
				}
			},
			"launch_overworld_controller": {
				"sequence": [
					{
						"trigger": "launch_overworld_err",
						"filters": {
							"test": "has_biome_tag",
							"operator": "!=",
							"value": "the_end"
						}
					},
					{
						"trigger": "launch_overworld",
						"filters": {
							"test": "has_biome_tag",
							"operator": "==",
							"value": "the_end"
						}
					}
				]
			},
			"launch_overworld_err": {
				"run_command": {
					"command": [
						"ride @p stop_riding",
						"event entity @s close_ui"
					]
				},
				"remove": {
					"component_groups": [
						"variant_ui"
					]
				}
			},
			"launch_overworld": {
				"remove": {
					"component_groups": [
						"variant_ui"
					]
				},
				"add": {
					"component_groups": [
						"variant_overworld"
					]
				}
			},
			"launched_overworld": {
				"run_command": {
					"command": [
						"execute @p ~ ~ ~ function overworld/launch",
						"tp @s ~ -70 ~"
					]
				}
			},
			"launch_moon_controller": {
				"sequence": [
					{
						"trigger": "launch_moon_err",
						"filters": {
							"test": "has_biome_tag",
							"operator": "==",
							"value": "the_end"
						}
					},
					{
						"trigger": "launch_moon",
						"filters": {
							"test": "has_biome_tag",
							"operator": "!=",
							"value": "the_end"
						}
					}
				]
			},
			"launch_moon_err": {
				"run_command": {
					"command": [
						"ride @p stop_riding",
						"event entity @s close_ui"
					]
				},
				"remove": {
					"component_groups": [
						"variant_ui"
					]
				}
			},
			"launch_moon": {
				"remove": {
					"component_groups": [
						"variant_ui"
					]
				},
				"add": {
					"component_groups": [
						"variant_moon"
					]
				}
			},
			"launched_moon": {
				"run_command": {
					"command": [
						"execute @p ~ ~ ~ function moon/launch",
						"tp @s ~ -70 ~"
					]
				}
			},
			"launch_mars_controller": {
				"sequence": [
					{
						"trigger": "launch_mars_err",
						"filters": {
							"test": "has_biome_tag",
							"operator": "==",
							"value": "the_end"
						}
					},
					{
						"trigger": "launch_mars",
						"filters": {
							"test": "has_biome_tag",
							"operator": "!=",
							"value": "the_end"
						}
					}
				]
			},
			"launch_mars_err": {
				"run_command": {
					"command": [
						"ride @p stop_riding",
						"event entity @s close_ui"
					]
				},
				"remove": {
					"component_groups": [
						"variant_ui"
					]
				}
			},
			"launch_mars": {
				"remove": {
					"component_groups": [
						"variant_ui"
					]
				},
				"add": {
					"component_groups": [
						"variant_mars"
					]
				}
			},
			"launched_mars": {
				"run_command": {
					"command": [
						"execute @p ~ ~ ~ function mars/launch",
						"tp @s ~ -70 ~"
					]
				}
			}
		}
	}
}