{
	"format_version": "1.10.0",
	"geometry.rocket_item": {
		"texturewidth": 128,
		"textureheight": 128,
		"visible_bounds_width": 5,
		"visible_bounds_height": 4,
		"visible_bounds_offset": [
			0,
			2,
			0
		],
		"bones": [
			{
				"name": "waist",
				"pivot": [
					0,
					12,
					0
				]
			},
			{
				"name": "body",
				"parent": "waist",
				"pivot": [
					0,
					24,
					0
				]
			},
			{
				"name": "head",
				"parent": "body",
				"pivot": [
					0,
					24,
					0
				]
			},
			{
				"name": "hat",
				"parent": "head",
				"pivot": [
					0,
					24,
					0
				]
			},
			{
				"name": "rightArm",
				"parent": "body",
				"pivot": [
					-5,
					22,
					0
				],
				"rotation": [
					180,
					0,
					0
				]
			},
			{
				"name": "rightItem",
				"parent": "rightArm",
				"pivot": [
					-6,
					-21,
					1
				]
			},
			{
				"name": "leftArm",
				"parent": "body",
				"pivot": [
					5,
					22,
					0
				],
				"rotation": [
					180,
					0,
					0
				],
				"mirror": true
			},
			{
				"name": "rocket",
				"parent": "body",
				"pivot": [
					18,
					40,
					0
				],
				"rotation": [
					0,
					0,
					-90
				]
			},
			{
				"name": "rocket_booster2",
				"parent": "rocket",
				"pivot": [
					18,
					40,
					0
				],
				"cubes": [
					{
						"origin": [
							13,
							40,
							-5
						],
						"size": [
							1,
							2,
							10
						],
						"uv": [
							84,
							81
						]
					},
					{
						"origin": [
							22,
							40,
							-5
						],
						"size": [
							1,
							2,
							10
						],
						"uv": [
							16,
							49
						]
					},
					{
						"origin": [
							14,
							40,
							4
						],
						"size": [
							8,
							2,
							1
						],
						"uv": [
							48,
							29
						]
					},
					{
						"origin": [
							14,
							40,
							-5
						],
						"size": [
							8,
							2,
							1
						],
						"uv": [
							48,
							13
						]
					},
					{
						"origin": [
							14,
							41,
							-4
						],
						"size": [
							8,
							1,
							8
						],
						"uv": [
							84,
							0
						]
					},
					{
						"origin": [
							14,
							42,
							-4
						],
						"size": [
							8,
							2,
							8
						],
						"uv": [
							80,
							23
						]
					},
					{
						"origin": [
							11,
							44,
							-7
						],
						"size": [
							14,
							1,
							14
						],
						"uv": [
							42,
							35
						]
					},
					{
						"origin": [
							10,
							45,
							-8
						],
						"size": [
							16,
							1,
							16
						],
						"uv": [
							0,
							17
						]
					}
				]
			},
			{
				"name": "rocket_roof2",
				"parent": "rocket",
				"pivot": [
					18,
					72,
					0
				],
				"cubes": [
					{
						"origin": [
							10,
							72,
							-8
						],
						"size": [
							16,
							1,
							16
						],
						"uv": [
							0,
							0
						]
					},
					{
						"origin": [
							11,
							73,
							-7
						],
						"size": [
							14,
							1,
							14
						],
						"uv": [
							0,
							34
						]
					},
					{
						"origin": [
							12,
							74,
							-6
						],
						"size": [
							12,
							1,
							12
						],
						"uv": [
							48,
							0
						]
					},
					{
						"origin": [
							13,
							75,
							-5
						],
						"size": [
							10,
							2,
							10
						],
						"uv": [
							48,
							17
						]
					},
					{
						"origin": [
							14,
							77,
							-4
						],
						"size": [
							8,
							2,
							8
						],
						"uv": [
							78,
							13
						]
					},
					{
						"origin": [
							15,
							79,
							-3
						],
						"size": [
							6,
							2,
							6
						],
						"uv": [
							84,
							39
						]
					},
					{
						"origin": [
							16,
							81,
							-2
						],
						"size": [
							4,
							1,
							4
						],
						"uv": [
							0,
							0
						]
					},
					{
						"origin": [
							17,
							81,
							-1
						],
						"size": [
							2,
							5,
							2
						],
						"uv": [
							0,
							26
						]
					}
				]
			},
			{
				"name": "rocket_supports2",
				"parent": "rocket",
				"pivot": [
					18,
					40,
					0
				],
				"cubes": [
					{
						"origin": [
							6,
							40,
							-1
						],
						"size": [
							1,
							5,
							2
						],
						"uv": [
							78,
							13
						]
					},
					{
						"origin": [
							6,
							40,
							-1
						],
						"size": [
							1,
							5,
							2
						],
						"uv": [
							54,
							0
						]
					},
					{
						"origin": [
							29,
							40,
							-1
						],
						"size": [
							1,
							5,
							2
						],
						"uv": [
							38,
							55
						]
					},
					{
						"origin": [
							29,
							40,
							-1
						],
						"size": [
							1,
							5,
							2
						],
						"uv": [
							8,
							26
						]
					},
					{
						"origin": [
							5,
							40,
							-1
						],
						"size": [
							1,
							7,
							2
						],
						"uv": [
							6,
							34
						]
					},
					{
						"origin": [
							5,
							40,
							-1
						],
						"size": [
							1,
							7,
							2
						],
						"uv": [
							10,
							17
						]
					},
					{
						"origin": [
							30,
							40,
							-1
						],
						"size": [
							1,
							7,
							2
						],
						"uv": [
							0,
							34
						]
					},
					{
						"origin": [
							30,
							40,
							-1
						],
						"size": [
							1,
							7,
							2
						],
						"uv": [
							10,
							5
						]
					},
					{
						"origin": [
							7,
							41,
							-1
						],
						"size": [
							1,
							6,
							2
						],
						"uv": [
							52,
							50
						]
					},
					{
						"origin": [
							7,
							41,
							-1
						],
						"size": [
							1,
							6,
							2
						],
						"uv": [
							6,
							49
						]
					},
					{
						"origin": [
							28,
							41,
							-1
						],
						"size": [
							1,
							6,
							2
						],
						"uv": [
							34,
							49
						]
					},
					{
						"origin": [
							28,
							41,
							-1
						],
						"size": [
							1,
							6,
							2
						],
						"uv": [
							0,
							49
						]
					},
					{
						"origin": [
							8,
							42,
							-1
						],
						"size": [
							1,
							6,
							2
						],
						"uv": [
							46,
							50
						]
					},
					{
						"origin": [
							8,
							42,
							-1
						],
						"size": [
							1,
							6,
							2
						],
						"uv": [
							48,
							17
						]
					},
					{
						"origin": [
							27,
							42,
							-1
						],
						"size": [
							1,
							6,
							2
						],
						"uv": [
							28,
							49
						]
					},
					{
						"origin": [
							27,
							42,
							-1
						],
						"size": [
							1,
							6,
							2
						],
						"uv": [
							48,
							0
						]
					},
					{
						"origin": [
							9,
							44,
							-1
						],
						"size": [
							1,
							6,
							2
						],
						"uv": [
							50,
							34
						]
					},
					{
						"origin": [
							9,
							44,
							-1
						],
						"size": [
							1,
							6,
							2
						],
						"uv": [
							46,
							40
						]
					},
					{
						"origin": [
							26,
							44,
							-1
						],
						"size": [
							1,
							6,
							2
						],
						"uv": [
							16,
							49
						]
					},
					{
						"origin": [
							26,
							44,
							-1
						],
						"size": [
							1,
							6,
							2
						],
						"uv": [
							42,
							34
						]
					}
				],
				"locators": {
					"seat2": [
						18,
						54,
						0
					]
				}
			},
			{
				"name": "rocket_body2",
				"parent": "rocket",
				"pivot": [
					18,
					46,
					0
				],
				"cubes": [
					{
						"origin": [
							10,
							46,
							-8
						],
						"size": [
							16,
							13,
							1
						],
						"uv": [
							60,
							77
						]
					},
					{
						"origin": [
							22,
							59,
							-8
						],
						"size": [
							4,
							8,
							1
						],
						"uv": [
							0,
							17
						]
					},
					{
						"origin": [
							10,
							59,
							-8
						],
						"size": [
							4,
							8,
							1
						],
						"uv": [
							0,
							5
						]
					},
					{
						"origin": [
							10,
							67,
							-8
						],
						"size": [
							16,
							5,
							1
						],
						"uv": [
							84,
							33
						]
					},
					{
						"origin": [
							10,
							46,
							-7
						],
						"size": [
							1,
							26,
							14
						],
						"uv": [
							30,
							50
						]
					},
					{
						"origin": [
							25,
							46,
							-7
						],
						"size": [
							1,
							26,
							14
						],
						"uv": [
							0,
							49
						]
					},
					{
						"origin": [
							10,
							46,
							7
						],
						"size": [
							16,
							26,
							1
						],
						"uv": [
							60,
							50
						]
					}
				]
			},
			{
				"name": "glass2",
				"parent": "rocket_body2",
				"pivot": [
					18,
					46,
					0
				],
				"cubes": [
					{
						"origin": [
							14,
							59,
							-8
						],
						"size": [
							8,
							8,
							1
						],
						"uv": [
							0,
							89
						]
					}
				]
			}
		]
	}
}