{
	"format_version": "1.12.0",
	"minecraft:geometry": [
		{
			"description": {
				"identifier": "geometry.tier_1_rocket",
				"texture_width": 128,
				"texture_height": 128,
				"visible_bounds_width": 3,
				"visible_bounds_height": 4.5,
				"visible_bounds_offset": [
					0,
					1.75,
					0
				]
			},
			"bones": [
				{
					"name": "rocket_booster",
					"pivot": [
						0,
						0,
						0
					],
					"cubes": [
						{
							"origin": [
								-5,
								0,
								-5
							],
							"size": [
								1,
								2,
								10
							],
							"uv": [
								84,
								81
							]
						},
						{
							"origin": [
								4,
								0,
								-5
							],
							"size": [
								1,
								2,
								10
							],
							"uv": [
								16,
								49
							]
						},
						{
							"origin": [
								-4,
								0,
								4
							],
							"size": [
								8,
								2,
								1
							],
							"uv": [
								48,
								29
							]
						},
						{
							"origin": [
								-4,
								0,
								-5
							],
							"size": [
								8,
								2,
								1
							],
							"uv": [
								48,
								13
							]
						},
						{
							"origin": [
								-4,
								1,
								-4
							],
							"size": [
								8,
								1,
								8
							],
							"uv": [
								84,
								0
							]
						},
						{
							"origin": [
								-4,
								2,
								-4
							],
							"size": [
								8,
								2,
								8
							],
							"uv": [
								80,
								23
							]
						},
						{
							"origin": [
								-7,
								4,
								-7
							],
							"size": [
								14,
								1,
								14
							],
							"uv": [
								42,
								35
							]
						},
						{
							"origin": [
								-8,
								5,
								-8
							],
							"size": [
								16,
								1,
								16
							],
							"uv": [
								0,
								17
							]
						}
					]
				},
				{
					"name": "rocket_body",
					"pivot": [
						0,
						6,
						0
					],
					"cubes": [
						{
							"origin": [
								-8,
								6,
								-8
							],
							"size": [
								16,
								13,
								1
							],
							"uv": [
								60,
								77
							]
						},
						{
							"origin": [
								4,
								19,
								-8
							],
							"size": [
								4,
								8,
								1
							],
							"uv": [
								0,
								17
							]
						},
						{
							"origin": [
								-8,
								19,
								-8
							],
							"size": [
								4,
								8,
								1
							],
							"uv": [
								0,
								5
							]
						},
						{
							"origin": [
								-8,
								27,
								-8
							],
							"size": [
								16,
								5,
								1
							],
							"uv": [
								84,
								33
							]
						},
						{
							"origin": [
								-8,
								6,
								-7
							],
							"size": [
								1,
								26,
								14
							],
							"uv": [
								30,
								50
							]
						},
						{
							"origin": [
								7,
								6,
								-7
							],
							"size": [
								1,
								26,
								14
							],
							"uv": [
								0,
								49
							]
						},
						{
							"origin": [
								-8,
								6,
								7
							],
							"size": [
								16,
								26,
								1
							],
							"uv": [
								60,
								50
							]
						}
					]
				},
				{
					"name": "glass",
					"parent": "rocket_body",
					"pivot": [
						0,
						6,
						0
					],
					"cubes": [
						{
							"origin": [
								-4,
								19,
								-8
							],
							"size": [
								8,
								8,
								1
							],
							"uv": [
								0,
								89
							]
						}
					]
				},
				{
					"name": "rocket_roof",
					"pivot": [
						0,
						32,
						0
					],
					"cubes": [
						{
							"origin": [
								-8,
								32,
								-8
							],
							"size": [
								16,
								1,
								16
							],
							"uv": [
								0,
								0
							]
						},
						{
							"origin": [
								-7,
								33,
								-7
							],
							"size": [
								14,
								1,
								14
							],
							"uv": [
								0,
								34
							]
						},
						{
							"origin": [
								-6,
								34,
								-6
							],
							"size": [
								12,
								1,
								12
							],
							"uv": [
								48,
								0
							]
						},
						{
							"origin": [
								-5,
								35,
								-5
							],
							"size": [
								10,
								2,
								10
							],
							"uv": [
								48,
								17
							]
						},
						{
							"origin": [
								-4,
								37,
								-4
							],
							"size": [
								8,
								2,
								8
							],
							"uv": [
								78,
								13
							]
						},
						{
							"origin": [
								-3,
								39,
								-3
							],
							"size": [
								6,
								2,
								6
							],
							"uv": [
								84,
								39
							]
						},
						{
							"origin": [
								-2,
								41,
								-2
							],
							"size": [
								4,
								1,
								4
							],
							"uv": [
								0,
								0
							]
						},
						{
							"origin": [
								-1,
								41,
								-1
							],
							"size": [
								2,
								5,
								2
							],
							"uv": [
								0,
								26
							]
						}
					]
				},
				{
					"name": "rocket_supports",
					"pivot": [
						0,
						0,
						0
					],
					"cubes": [
						{
							"origin": [
								-12,
								0,
								-1
							],
							"size": [
								1,
								5,
								2
							],
							"uv": [
								78,
								13
							]
						},
						{
							"origin": [
								-12,
								0,
								-1
							],
							"size": [
								1,
								5,
								2
							],
							"pivot": [
								0,
								0,
								0
							],
							"rotation": [
								0,
								90,
								0
							],
							"uv": [
								54,
								0
							]
						},
						{
							"origin": [
								11,
								0,
								-1
							],
							"size": [
								1,
								5,
								2
							],
							"uv": [
								38,
								55
							]
						},
						{
							"origin": [
								11,
								0,
								-1
							],
							"size": [
								1,
								5,
								2
							],
							"pivot": [
								0,
								0,
								0
							],
							"rotation": [
								0,
								90,
								0
							],
							"uv": [
								8,
								26
							]
						},
						{
							"origin": [
								-13,
								0,
								-1
							],
							"size": [
								1,
								7,
								2
							],
							"uv": [
								6,
								34
							]
						},
						{
							"origin": [
								-13,
								0,
								-1
							],
							"size": [
								1,
								7,
								2
							],
							"pivot": [
								0,
								0,
								0
							],
							"rotation": [
								0,
								90,
								0
							],
							"uv": [
								10,
								17
							]
						},
						{
							"origin": [
								12,
								0,
								-1
							],
							"size": [
								1,
								7,
								2
							],
							"uv": [
								0,
								34
							]
						},
						{
							"origin": [
								12,
								0,
								-1
							],
							"size": [
								1,
								7,
								2
							],
							"pivot": [
								0,
								0,
								0
							],
							"rotation": [
								0,
								90,
								0
							],
							"uv": [
								10,
								5
							]
						},
						{
							"origin": [
								-11,
								1,
								-1
							],
							"size": [
								1,
								6,
								2
							],
							"uv": [
								52,
								50
							]
						},
						{
							"origin": [
								-11,
								1,
								-1
							],
							"size": [
								1,
								6,
								2
							],
							"pivot": [
								0,
								0,
								0
							],
							"rotation": [
								0,
								90,
								0
							],
							"uv": [
								6,
								49
							]
						},
						{
							"origin": [
								10,
								1,
								-1
							],
							"size": [
								1,
								6,
								2
							],
							"uv": [
								34,
								49
							]
						},
						{
							"origin": [
								10,
								1,
								-1
							],
							"size": [
								1,
								6,
								2
							],
							"pivot": [
								0,
								0,
								0
							],
							"rotation": [
								0,
								90,
								0
							],
							"uv": [
								0,
								49
							]
						},
						{
							"origin": [
								-10,
								2,
								-1
							],
							"size": [
								1,
								6,
								2
							],
							"uv": [
								46,
								50
							]
						},
						{
							"origin": [
								-10,
								2,
								-1
							],
							"size": [
								1,
								6,
								2
							],
							"pivot": [
								0,
								0,
								0
							],
							"rotation": [
								0,
								90,
								0
							],
							"uv": [
								48,
								17
							]
						},
						{
							"origin": [
								9,
								2,
								-1
							],
							"size": [
								1,
								6,
								2
							],
							"uv": [
								28,
								49
							]
						},
						{
							"origin": [
								9,
								2,
								-1
							],
							"size": [
								1,
								6,
								2
							],
							"pivot": [
								0,
								0,
								0
							],
							"rotation": [
								0,
								90,
								0
							],
							"uv": [
								48,
								0
							]
						},
						{
							"origin": [
								-9,
								4,
								-1
							],
							"size": [
								1,
								6,
								2
							],
							"uv": [
								50,
								34
							]
						},
						{
							"origin": [
								-9,
								4,
								-1
							],
							"size": [
								1,
								6,
								2
							],
							"pivot": [
								0,
								0,
								0
							],
							"rotation": [
								0,
								90,
								0
							],
							"uv": [
								46,
								40
							]
						},
						{
							"origin": [
								8,
								4,
								-1
							],
							"size": [
								1,
								6,
								2
							],
							"uv": [
								16,
								49
							]
						},
						{
							"origin": [
								8,
								4,
								-1
							],
							"size": [
								1,
								6,
								2
							],
							"pivot": [
								0,
								0,
								0
							],
							"rotation": [
								0,
								90,
								0
							],
							"uv": [
								42,
								34
							]
						}
					],
					"locators": {
						"Seat": [
							0,
							20,
							0
						]
					}
				}
			]
		}
	]
}