{
  "format_version": "1.8.0",
  "minecraft:client_entity": {
    "description": {
      "identifier": "spacecraft:chunk_loader",
      "min_engine_version": "1.8.0",
      "materials": {
        "default": "slime_outer"
      },
      "textures": {
        "default": "textures/entity/power"
      },
      "geometry": {
        "default": "geometry.power"
      },
      "render_controllers": [ "controller.render.tecaddon" ],
      "spawn_egg": {
        "texture": "wip"
      }
    }
  }
}