{
    "format_version": "1.8.0",
    "render_controllers": {
        "controller.render.npc": {
            "arrays": {
                "textures": {
                    "Array.skins": ["Texture.npc_1", "Texture.npc_2", "Texture.npc_3", "Texture.npc_4", "Texture.npc_5", "Texture.npc_6", "Texture.npc_7", "Texture.npc_8", "Texture.npc_9", "Texture.npc_10", "Texture.npc_scientist_1", "Texture.npc_scientist_2", "Texture.npc_scientist_3", "Texture.npc_scientist_4", "Texture.npc_scientist_5", "Texture.npc_scientist_6", "Texture.npc_scientist_7", "Texture.npc_scientist_8", "Texture.npc_scientist_9", "Texture.npc_scientist_10"]
                }
            },
            "geometry": "Geometry.default",
            "part_visibility": [{
                "*": false,
                "body": true,
                "head": true,
                "nose": true,
                "rightPants": true,
                "leftPants": true,
                "jacket": true,
                "arms": true,
                "arms2": true,
                "leg0": true,
                "leg1": true
            }],
            "materials": [{
                "*": "Material.default"
            }],
            "textures": ["Array.skins[query.variant]"]
        }
    }
}