{
  "format_version": "1.16",
    "minecraft:recipe_shaped": {
        "description": {
            "identifier": "space:launch_pad_one"
        },


        "tags": [ "nasa_crafting_table" ],
        "pattern": [
            "000",
            "000",
            "BBB"
        ],
        "key": {
            "B": {
                "item": "minecraft:obsidian"
            }
        },
        "result": {
            "item": "minecraft:spawn_egg",
            "data": "query.get_actor_info_id('spacecraft:launch_pad')"
        }
    }
}
