{
  "format_version": "1.10",
  "minecraft:item": {
    "description": {
      "identifier": "sswm:moonwater",
      "category": "items"
    },
    "components": {
      "minecraft:hand_equipped": false,
      "minecraft:max_stack_size": 64,
      "minecraft:foil": false,
      "minecraft:stack_by_data": true,
      "minecraft:food": {
        "saturation_modifier": "good",
        "nutrition": 4,
        "can_always_eat": true,
        "effects": [
          {
            "name": "absorption",
            "chance": 1,
            "duration": 300,
            "amplifier": 1
          },
          {
            "name": "fire_resistance",
            "chance": 1,
            "duration": 300,
            "amplifier": 1
          },
          {
            "name": "health_boost",
            "chance": 1,
            "duration": 300,
            "amplifier": 1
          },
          {
            "name": "instant_health",
            "chance": 1,
            "duration": 30,
            "amplifier": 1
          },
          {
            "name": "nausea",
            "chance": 1,
            "duration": 3,
            "amplifier": 1
          },
          {
            "name": "regeneration",
            "chance": 1,
            "duration": 300,
            "amplifier": 1
          },
          {
            "name": "resistance",
            "chance": 1,
            "duration": 300,
            "amplifier": 1
          },
          {
            "name": "strength",
            "chance": 1,
            "duration": 300,
            "amplifier": 1
          }
        ]
      },
      "minecraft:use_duration": 32
    }
  }
}