{
  "format_version": "1.12",
    "minecraft:recipe_shaped": {
        "description": {
            "identifier": "space:molten_steel"
        },


        "tags": [ "crafting_table" ],
        "pattern": [
            "CCC",
            "CWC",
            "CCC"
        ],
        "key": {
            "W": {
                "item": "spacecraft:molten_iron"
            },
            "C": {
                "item": "minecraft:coal"
            }
        },
        "result": {
            "item": "spacecraft:molten_steel"
        }
    }
}
