{
  "format_version": "1.12",
    "minecraft:recipe_shaped": {
        "description": {
            "identifier": "recipe:nasa_crafting_table"
        },


        "tags": [ "hard_anvil" ],
        "pattern": [
            "WWW",
            "WCW",
            "WWW"
        ],
        "key": {
            "W": {
                "item": "spacecraft:steel_plate"
            },
            "C": {
                "item": "minecraft:crafting_table"
            }
        },
        "result": {
            "item": "spacecraft:nasa_crafting_table"
        }
    }
}
