{
  "format_version": "1.12",
    "minecraft:recipe_shaped": {
        "description": {
            "identifier": "space:rocket_engine"
        },


        "tags": [ "nasa_crafting_table" ],
        "pattern": [
            "0C0",
            "CWC",
            "CBC"
        ],
        "key": {
            "W": {
                "item": "minecraft:redstone"
            },
            "C": {
                "item": "spacecraft:steel_plate"
            },
            "B": {
                "item": "minecraft:blaze_powder"
            }
        },
        "result": {
            "item": "spacecraft:rocket_engine"
        }
    }
}
