{
  "format_version": "1.12",
    "minecraft:recipe_shaped": {
        "description": {
            "identifier": "space:rocket_fuel_tank"
        },


        "tags": [ "nasa_crafting_table" ],
        "pattern": [
            "0C0",
            "C0C",
            "0C0"
        ],
        "key": {
            "C": {
                "item": "spacecraft:steel_plate"
            }
        },
        "result": {
            "item": "spacecraft:rocket_fuel_tank"
        }
    }
}
