{
  "format_version": "1.12",
    "minecraft:recipe_shaped": {
        "description": {
            "identifier": "recipe:anvil_five"
        },


        "tags": [ "crafting_table" ],
        "pattern": [
            "0W0",
            "0C0",
            "000"
        ],
        "key": {
            "C": {
                "item": "minecraft:anvil"
            },
            "W": {
                "item": "spacecraft:hammer"
            }
        },
        "result": {
            "item": "spacecraft:hard_anvil"
        }
    }
}
