{
  "format_version": "1.12.0",
  "minecraft:geometry": [
    {
      "description": {
        "identifier": "geometry.sswm_box",
        "texture_width": 64,
        "texture_height": 128,
        "visible_bounds_width": 3,
        "visible_bounds_height": 2,
        "visible_bounds_offset": [
          0,
          1,
          0
        ]
      },
      "bones": [
        {
          "name": "right_leg",
          "pivot": [
            -4,
            16,
            0
          ],
          "cubes": [
            {
              "origin": [
                -6.0,
                5.0,
                -2.0
              ],
              "size": [
                4.0,
                16.0,
                4.0
              ],
              "rotation": [
                0.0,
                0.0,
                0.0
              ],
              "uv": [
                0,
                32
              ],
              "inflate": 0
            }
          ],
          "rotation": [
            0,
            0,
            0
          ],
          "bind_pose_rotation": [
            0,
            0,
            0
          ]
        },
        {
          "name": "left_leg",
          "pivot": [
            4,
            16,
            0
          ],
          "cubes": [
            {
              "origin": [
                2.0,
                5.0,
                -2.0
              ],
              "size": [
                4.0,
                16.0,
                4.0
              ],
              "rotation": [
                0.0,
                0.0,
                0.0
              ],
              "uv": [
                0,
                55
              ],
              "inflate": 0
            }
          ],
          "rotation": [
            0,
            0,
            0
          ],
          "bind_pose_rotation": [
            0,
            0,
            0
          ]
        },
        {
          "name": "body",
          "pivot": [
            0,
            16,
            0
          ],
          "cubes": [
            {
              "origin": [
                -8.0,
                14.0,
                -8.0
              ],
              "size": [
                16.0,
                14.0,
                16.0
              ],
              "rotation": [
                0.0,
                0.0,
                0.0
              ],
              "uv": [
                0,
                0
              ],
              "inflate": 0
            }
          ],
          "locators": {
            "lead": [
              0,
              15,
              -1
            ]
          },
          "rotation": [
            0,
            0,
            0
          ],
          "bind_pose_rotation": [
            0,
            0,
            0
          ]
        }
      ]
    }
  ]
}