{
	"format_version": "1.12.0",
	"minecraft:geometry": [
		{
			"description": {
				"identifier": "geometry.big_skybox",
				"texture_width": 8192,
				"texture_height": 8192,
				"visible_bounds_width": 129,
				"visible_bounds_height": 129,
				"visible_bounds_offset": [0, 0.5, 0]
			},
			"bones": [
				{
					"name": "skybox",
					"pivot": [0, 0, 0],
					"cubes": [
						{
							"origin": [-2048, -2048, -2048],
							"size": [4096, 4096, 4096],
							"uv": {
								"north": {"uv": [4096, 4096], "uv_size": [4096, 4096]},
								"east": {"uv": [4096, 0], "uv_size": [4096, 4096]},
								"south": {"uv": [0, 4096], "uv_size": [4096, 4096]},
								"west": {"uv": [4096, 0], "uv_size": [4096, 4096]},
								"up": {"uv": [4096, 0], "uv_size": [4096, 4096]},
								"down": {"uv": [0, 4096], "uv_size": [4096, -4096]}
							}
						}
					]
				}
			]
		}
	]
}