{
	"format_version": "1.12.0",
	"minecraft:geometry": [
		{
			"description": {
				"identifier": "geometry.box1",
				"texture_width": 16,
				"texture_height": 16,
				"visible_bounds_width": 3,
				"visible_bounds_height": 1,
				"visible_bounds_offset": [0, 0.5, 0]
			},
			"bones": [
				{
					"name": "bone",
					"pivot": [0, 0, 0],
					"cubes": [
						{
							"origin": [-14, 0, 0],
							"size": [14, 9, 14],
							"pivot": [-8, 8, 8],
							"uv": {
								"north": {"uv": [10.5, 8.5], "uv_size": [3.5, 2.25]},
								"east": {"uv": [0, 8.5], "uv_size": [3.5, 2.25]},
								"south": {"uv": [3.5, 8.5], "uv_size": [3.5, 2.25]},
								"west": {"uv": [7, 8.5], "uv_size": [3.5, 2.25]},
								"up": {"uv": [7, 3.5], "uv_size": [-3.5, -3.5]},
								"down": {"uv": [10.5, 8.25], "uv_size": [-3.5, -3.5]}
							}
						}
					]
				},
				{
					"name": "che",
					"pivot": [-8, 8, 8],
					"cubes": [
						{
							"origin": [-14, 9, 0],
							"size": [14, 5, 14],
							"pivot": [-8, 8, 8],
							"uv": {
								"north": {"uv": [10.5, 3.5], "uv_size": [3.5, 1.25]},
								"east": {"uv": [7, 3.5], "uv_size": [3.5, 1.25]},
								"south": {"uv": [3.5, 3.5], "uv_size": [3.5, 1.25]},
								"west": {"uv": [0, 3.5], "uv_size": [3.5, 1.25]},
								"up": {"uv": [7, 3.5], "uv_size": [-3.5, -3.5]},
								"down": {"uv": [10.5, 3.5], "uv_size": [-3.5, -3.5]}
							}
						},
						{
							"origin": [-8.25, 7, 14],
							"size": [2.25, 4, 1],
							"pivot": [-8, 8, 8],
							"uv": {
								"north": {"uv": [0, 0.25], "uv_size": [0.5, 1]},
								"east": {"uv": [1.25, 0.25], "uv_size": [0.25, 1]},
								"south": {"uv": [1.25, 0.25], "uv_size": [-0.5, 1]},
								"west": {"uv": [1, 0.25], "uv_size": [0.25, 1]},
								"up": {"uv": [0.75, 0.25], "uv_size": [-0.5, -0.25]},
								"down": {"uv": [1.25, 0.25], "uv_size": [-0.5, -0.25]}
							}
						}
					]
				}
			]
		}
	]
}