{
	"format_version": "1.12.0",
	"minecraft:geometry": [
		{
			"description": {
				"identifier": "geometry.drill",
				"texture_width": 64,
				"texture_height": 64,
				"visible_bounds_width": 2,
				"visible_bounds_height": 2,
				"visible_bounds_offset": [0, 0, 0]
			},
			"bones": [
				{
					"name": "drill",
					"pivot": [0, 0, 0],
					"cubes": [
						{"origin": [-1, 0, -1], "size": [2, 2, 2], "uv": [0, 4]},
						{"origin": [-2, 2, -2], "size": [4, 1, 4], "uv": [36, 3]},
						{"origin": [-3, 3, -3], "size": [6, 2, 6], "uv": [30, 30]},
						{"origin": [-4, 5, -4], "size": [8, 2, 8], "uv": [30, 16]},
						{"origin": [-5, 7, -5], "size": [10, 3, 10], "uv": [0, 16]},
						{"origin": [-6, 10, -6], "size": [12, 4, 12], "uv": [0, 0]},
						{"origin": [-5, 14, -5], "size": [10, 1, 10], "uv": [0, 29]},
						{"origin": [-2, 15, -1], "size": [4, 2, 2], "uv": [0, 0]},
						{"origin": [-5, 17, -1], "size": [10, 1, 2], "uv": [36, 0]}
					]
				}
			]
		}
	]
}