{
	"format_version": "1.12.0",
	"minecraft:geometry": [
		{
			"description": {
				"identifier": "geometry.lander",
				"texture_width": 256,
				"texture_height": 256,
				"visible_bounds_width": 5,
				"visible_bounds_height": 5.5,
				"visible_bounds_offset": [0, 2.25, 0]
			},
			"bones": [
				{
					"name": "lander",
					"pivot": [0, 0, 0]
				},
				{
					"name": "capsule",
					"parent": "lander",
					"pivot": [0, 32, 0]
				},
				{
					"name": "round",
					"parent": "capsule",
					"pivot": [11, 32, 0],
					"cubes": [
						{"origin": [-19, 32, -8], "size": [0, 32, 16], "uv": [102, 60]},
						{"origin": [-22.3, 32, -16], "size": [0, 32, 16], "pivot": [-11, 32, 0], "rotation": [0, -45, 0], "uv": [96, 98]},
						{"origin": [-22.3, 32, 0], "size": [0, 32, 16], "pivot": [-11, 32, 0], "rotation": [0, 45, 0], "uv": [64, 98]},
						{"origin": [-30.2, 32, 3.3], "size": [0, 32, 16], "pivot": [-11, 32, 0], "rotation": [0, 90, 0], "uv": [32, 98]},
						{"origin": [8.2, 32, 3.1], "size": [0, 32, 16], "pivot": [-11, 32, 0], "rotation": [0, 90, 0], "uv": [0, 96]},
						{"origin": [-0.3, 32, 0], "size": [0, 32, 16], "pivot": [11, 32, 0], "rotation": [-180, -45, 180], "uv": [0, 64]},
						{"origin": [3, 32, -8], "size": [0, 32, 16], "pivot": [11, 32, 0], "rotation": [-180, 0, 180], "uv": [0, 32]},
						{"origin": [-0.3, 32, -16], "size": [0, 32, 16], "pivot": [11, 32, 0], "rotation": [-180, 45, 180], "uv": [0, 0]}
					]
				},
				{
					"name": "insulators",
					"parent": "capsule",
					"pivot": [0, 32, 0],
					"cubes": [
						{"origin": [-8, 64, -19.3], "size": [16, 0, 38.6], "uv": [32, 76]},
						{"origin": [-8, 64.025, -19.3], "size": [16, 0, 38.6], "pivot": [0, 32, 0], "rotation": [0, -90, 0], "uv": [0, 76]},
						{"origin": [-8, 64.05, -19.3], "size": [16, 0, 38.6], "pivot": [0, 32, 0], "rotation": [-180, -45, 180], "uv": [64, 38]},
						{"origin": [-8, 64.075, -19.3], "size": [16, 0, 38.6], "pivot": [0, 32, 0], "rotation": [0, -45, 0], "uv": [64, 0]},
						{"origin": [-8, 32, -19.3], "size": [16, 0, 38.6], "uv": [32, 38]},
						{"origin": [-8, 32.025, -19.3], "size": [16, 0, 38.6], "pivot": [0, 0, 0], "rotation": [0, -90, 0], "uv": [0, 38]},
						{"origin": [-8, 32.05, -19.3], "size": [16, 0, 38.6], "pivot": [0, 0, 0], "rotation": [-180, -45, 180], "uv": [32, 0]},
						{"origin": [-8, 32.075, -19.3], "size": [16, 0, 38.6], "pivot": [0, 0, 0], "rotation": [0, -45, 0], "uv": [0, 0]},
						{"origin": [-7, 32.3, -7], "size": [14, 2.7, 14], "uv": [120, 94]},
						{"origin": [-3, 29, -3], "size": [6, 3, 6], "uv": [134, 79]},
						{"origin": [-4, 26, -4], "size": [8, 3, 8], "uv": [0, 0]}
					]
				},
				{
					"name": "traps",
					"parent": "lander",
					"pivot": [0, 0, 0]
				},
				{
					"name": "trap0",
					"parent": "traps",
					"pivot": [1, 32, -8],
					"cubes": [
						{"origin": [-2, 22, -13], "size": [4, 20, 3], "pivot": [1, 32, -18], "rotation": [-50, 0, 0], "uv": [28, 146]}
					]
				},
				{
					"name": "moved",
					"parent": "trap0",
					"pivot": [1, 22, -21],
					"cubes": [
						{"origin": [-2, 1.7, -22.4], "size": [4, 20, 3], "pivot": [1, 22, -21], "rotation": [-10, 0, 0], "uv": [14, 144]},
						{"origin": [-4, -1.3, -24.4], "size": [8, 3, 7], "pivot": [1, 22, -21], "rotation": [-10, 0, 0], "uv": [134, 0]}
					]
				},
				{
					"name": "trap1",
					"parent": "traps",
					"pivot": [-8, 31, -2],
					"rotation": [0, 90, 0],
					"cubes": [
						{"origin": [-12, 22, -7], "size": [4, 20, 3], "pivot": [-9, 32, -12], "rotation": [-50, 0, 0], "uv": [0, 144]}
					]
				},
				{
					"name": "moved2",
					"parent": "trap1",
					"pivot": [-9, 22, -15],
					"cubes": [
						{"origin": [-12, 1.7, -16.4], "size": [4, 20, 3], "pivot": [-9, 22, -15], "rotation": [-10, 0, 0], "uv": [142, 140]},
						{"origin": [-14, -1.3, -18.4], "size": [8, 3, 7], "pivot": [-9, 22, -15], "rotation": [-10, 0, 0], "uv": [128, 130]}
					]
				},
				{
					"name": "trap2",
					"parent": "traps",
					"pivot": [-1, 32, 9],
					"rotation": [-180, 0, 180],
					"cubes": [
						{"origin": [-4, 22, 5], "size": [4, 20, 3], "pivot": [-2, 32, 0], "rotation": [-50, 0, 0], "uv": [128, 140]}
					]
				},
				{
					"name": "moved3",
					"parent": "trap2",
					"pivot": [-2, 22, -3],
					"cubes": [
						{"origin": [-6, -1.3, -6.4], "size": [8, 3, 7], "pivot": [-2, 22, -3], "rotation": [-10, 0, 0], "uv": [128, 120]},
						{"origin": [-4, 1.7, -4.4], "size": [4, 20, 3], "pivot": [-2, 22, -3], "rotation": [-10, 0, 0], "uv": [134, 56]}
					]
				},
				{
					"name": "trap3",
					"parent": "traps",
					"pivot": [8, 32, 1],
					"rotation": [0, -90, 0],
					"cubes": [
						{"origin": [5, 22, -4], "size": [4, 20, 3], "pivot": [7, 32, -9], "rotation": [-50, 0, 0], "uv": [134, 33]}
					]
				},
				{
					"name": "moved4",
					"parent": "trap3",
					"pivot": [7, 22, -12],
					"cubes": [
						{"origin": [5, 1.7, -13.4], "size": [4, 20, 3], "pivot": [7, 22, -12], "rotation": [-10, 0, 0], "uv": [134, 10]},
						{"origin": [3, -1.3, -15.4], "size": [8, 3, 7], "pivot": [7, 22, -12], "rotation": [-10, 0, 0], "uv": [128, 110]}
					]
				}
			]
		}
	]
}