{
	"format_version": "1.12.0",
	"minecraft:geometry": [
		{
			"description": {
				"identifier": "geometry.mars_rocket",
				"texture_width": 256,
				"texture_height": 256,
				"visible_bounds_width": 4,
				"visible_bounds_height": 7,
				"visible_bounds_offset": [0, 2.5, 0]
			},
			"bones": [
				{
					"name": "unknown_bone",
					"pivot": [0, 0, 0],
					"cubes": [
						{"origin": [-12, 4, -12], "size": [24, 58, 24], "uv": [0, 0]}
					]
				},
				{
					"name": "soplo",
					"pivot": [0, 0, 0],
					"cubes": [
						{"origin": [-7, 2, -7], "size": [14, 2, 14], "uv": [58, 97]},
						{"origin": [-8, 1, -8], "size": [16, 1, 16], "uv": [96, 59]},
						{"origin": [-9, 0, -9], "size": [18, 1, 18], "uv": [96, 23]}
					]
				},
				{
					"name": "cone",
					"pivot": [0, 0, 0],
					"cubes": [
						{"origin": [-11, 62, -11], "size": [22, 1, 22], "uv": [72, 0]},
						{"origin": [-10, 63, -10], "size": [20, 1, 20], "uv": [76, 76]},
						{"origin": [-9, 64, -9], "size": [18, 1, 18], "uv": [0, 82]},
						{"origin": [-8, 65, -8], "size": [16, 1, 16], "uv": [96, 42]},
						{"origin": [-7, 66, -7], "size": [14, 1, 14], "uv": [100, 100]},
						{"origin": [-6, 67, -6], "size": [12, 1, 12], "uv": [0, 101]},
						{"origin": [-5, 68, -5], "size": [10, 1, 10], "uv": [54, 82]},
						{"origin": [-4, 69, -4], "size": [8, 1, 8], "uv": [36, 101]},
						{"origin": [-3, 70, -3], "size": [6, 1, 6], "uv": [60, 113]},
						{"origin": [-2, 71, -2], "size": [4, 1, 4], "uv": [0, 19]},
						{"origin": [-1, 72, -1], "size": [2, 16, 2], "uv": [0, 82]}
					]
				},
				{
					"name": "stages",
					"pivot": [0, 0, 0],
					"cubes": [
						{"origin": [-21, 0, -2], "size": [3, 16, 3], "uv": [0, 0]},
						{"origin": [-18, 6, -2], "size": [3, 8, 3], "uv": [0, 0]},
						{"origin": [-15, 9, -2], "size": [3, 8, 3], "uv": [0, 0]}
					]
				},
				{
					"name": "stages2",
					"pivot": [0, 0, 0],
					"rotation": [0, 180, 0],
					"cubes": [
						{"origin": [-21, 0, -2], "size": [3, 16, 3], "uv": [0, 0]},
						{"origin": [-18, 6, -2], "size": [3, 8, 3], "uv": [0, 0]},
						{"origin": [-15, 9, -2], "size": [3, 8, 3], "uv": [0, 0]}
					]
				},
				{
					"name": "stages3",
					"pivot": [0, 0, 0],
					"rotation": [0, -90, 0],
					"cubes": [
						{"origin": [-21, 0, -2], "size": [3, 16, 3], "uv": [0, 0]},
						{"origin": [-18, 6, -2], "size": [3, 8, 3], "uv": [0, 0]},
						{"origin": [-15, 9, -2], "size": [3, 8, 3], "uv": [0, 0]}
					]
				},
				{
					"name": "stages4",
					"pivot": [0, 0, 0],
					"rotation": [0, 90, 0],
					"cubes": [
						{"origin": [-21, 0, -2], "size": [3, 16, 3], "uv": [0, 0]},
						{"origin": [-18, 6, -2], "size": [3, 8, 3], "uv": [0, 0]},
						{"origin": [-15, 9, -2], "size": [3, 8, 3], "uv": [0, 0]}
					]
				}
			]
		}
	]
}