{
	"format_version": "1.12.0",
	"minecraft:geometry": [
		{
			"description": {
				"identifier": "geometry.meteor_item",
				"texture_width": 256,
				"texture_height": 256,
				"visible_bounds_width": 3,
				"visible_bounds_height": 2,
				"visible_bounds_offset": [0, 1, 0]
			},
			"bones": [
				{
					"name": "meteor",
					"pivot": [0, 0, 0],
					"cubes": [
						{"origin": [-11, 0, -11], "size": [22, 22, 22], "uv": [0, 0]},
						{"origin": [-10, 22, -10], "size": [20, 1, 20], "uv": [0, 44]},
						{"origin": [-9, 23, -9], "size": [18, 1, 18], "uv": [60, 44]}
					]
				}
			]
		}
	]
}