{
	"format_version": "1.12.0",
	"minecraft:geometry": [
		{
			"description": {
				"identifier": "geometry.parachute",
				"texture_width": 256,
				"texture_height": 256,
				"visible_bounds_width": 4,
				"visible_bounds_height": 5.5,
				"visible_bounds_offset": [0, 2.25, 0]
			},
			"bones": [
				{
					"name": "parachute",
					"pivot": [0, 0, 0],
					"cubes": [
						{"origin": [-1, 26, 0], "size": [1, 45.5, 1], "pivot": [0, 26, 0], "rotation": [-22.5, 0, 0], "uv": [4, 0]},
						{"origin": [-1, 26, 0], "size": [1, 45, 1], "pivot": [0, 26, 0], "rotation": [22.5, 0, 0], "uv": [0, 0]},
						{"origin": [-1, 26, 0], "size": [1, 39, 1], "pivot": [0, 26, 0], "rotation": [0, 0, -22.5], "uv": [12, 0]},
						{"origin": [-1, 26, 0], "size": [1, 39, 1], "pivot": [0, 26, 0], "rotation": [0, 0, 22.5], "uv": [8, 0]},
						{"origin": [-16, 62, -18], "size": [17.25, 0, 37], "pivot": [-15, 62, 0], "rotation": [0, 0, -22.5], "uv": [0, 0]},
						{"origin": [-1.25, 62, -18], "size": [16.25, 0, 37], "pivot": [15, 62, 0], "rotation": [0, 0, 22.5], "uv": [34, 0]}
					]
				}
			]
		}
	]
}