{
	"format_version": "1.12.0",
	"minecraft:geometry": [
		{
			"description": {
				"identifier": "geometry.skybox",
				"texture_width": 4096,
				"texture_height": 4096,
				"visible_bounds_width": 129,
				"visible_bounds_height": 129,
				"visible_bounds_offset": [0, 0.5, 0]
			},
			"bones": [
				{
					"name": "skybox",
					"pivot": [0, 0, 0],
					"cubes": [
						{
							"origin": [-1024, -1024, -1024],
							"size": [2048, 2048, 2048],
							"uv": {
								"north": {"uv": [2048, 2048], "uv_size": [2048, 2048]},
								"east": {"uv": [2060, 0], "uv_size": [2048, 2048]},
								"south": {"uv": [0, 2060], "uv_size": [2048, 2048]},
								"west": {"uv": [2060, 0], "uv_size": [2048, 2048]},
								"up": {"uv": [2060, 0], "uv_size": [2048, 2048]},
								"down": {"uv": [0, 2048], "uv_size": [2048, -2048]}
							}
						}
					]
				}
			]
		}
	]
}