{
	"format_version": "1.12.0",
	"minecraft:geometry": [
		{
			"description": {
				"identifier": "geometry.station_heart",
				"texture_width": 128,
				"texture_height": 128,
				"visible_bounds_width": 2,
				"visible_bounds_height": 2,
				"visible_bounds_offset": [0, 1, 0]
			},
			"bones": [
				{
					"name": "redstone_heart",
					"pivot": [0, 0, 0],
					"cubes": [
						{"origin": [-8, 0, -8], "size": [16, 16, 16], "uv": [0, 0]}
					]
				},
				{
					"name": "pulser",
					"pivot": [0, 0, 0],
					"cubes": [
						{"origin": [-2, 16, -1], "size": [3, 3, 3], "uv": [0, 0]},
						{"origin": [-8, 19, -8], "size": [16, 1, 16], "uv": [0, 32]},
						{"origin": [8, 20, -8], "size": [1, 1, 16], "uv": [48, 16]},
						{"origin": [-8, 20, 8], "size": [16, 1, 1], "uv": [48, 2]},
						{"origin": [-9, 20, -8], "size": [1, 1, 16], "uv": [48, 48]},
						{"origin": [-8, 20, -9], "size": [16, 1, 1], "uv": [48, 0]},
						{"origin": [-1, 20, 0], "size": [1, 2, 1], "uv": [0, 6]}
					]
				}
			]
		}
	]
}