{
  "format_version": "1.10",
  "minecraft:item": {
    "description": {
      "identifier": "sp:fearsome",
      "category": "equipment"
    },
    "components": {
      "minecraft:stacked_by_data": true,
      "minecraft:hand_equipped": false,
      "minecraft:max_stack_size": 64,
      "minecraft:use_duration": 999999,
      "minecraft:use_animation": "crossbow",
      "minecraft:food": {
        "can_always_eat": true,
        "cooldown_type": "chorusfruit",
        "cooldown_time": 1,
        "effects": []
      }
    }
  }
}