{
  "format_version": "1.10.0",
  "particle_effect": {
    "description": {
      "identifier": "ed:rich_particle",
      "basic_render_parameters": {
        "material": "particles_alpha",
        "texture": "textures/particle/rich"
      }
    },
    "components": {
        "minecraft:emitter_rate_instant": {
	       "num_particles": 5
	    },
	    "minecraft:emitter_lifetime_once": {
	      "active_time": 0.1
	    },
      "minecraft:emitter_shape_sphere": {
        "radius": 0.025,
        "direction": [ 0, 0, 0 ]
      },
      "minecraft:particle_lifetime_expression": {
        "max_lifetime": "Math.random(1.0, 5.0)"
      },
      "minecraft:particle_appearance_billboard": {
        "size": [
          "(0.1 + variable.particle_random_1*0.1) - (0.1 * variable.particle_age)",
          "(0.1 + variable.particle_random_1*0.1) - (0.1 * variable.particle_age)"
        ],
        "facing_camera_mode": "lookat_xyz",
        "uv": {
          "texture_width": 16,
          "texture_height": 64,
            "flipbook": {
	            "base_UV": [ 0, 0 ],
	            "size_UV": [ 16, 16 ],
	            "step_UV": [ 0, 16 ],
          	            "frames_per_second": 16,
	            "max_frame": 16,
	            "stretch_to_lifetime": true,
	            "loop": false
        }}
      }
    }
  }
}
