{
	"format_version": "1.10.0",
	"particle_effect": {
		"description": {
			"identifier": "ed:star_fuel",
			"basic_render_parameters": {
				"material": "particles_alpha",
				"texture": "textures/particle/star_fuel"
			}
		},
		"components": {
			"minecraft:emitter_local_space": {
				"position": true
			},
			"minecraft:emitter_rate_instant": {
				"num_particles": 150
			},
			"minecraft:emitter_lifetime_once": {
				"active_time": 1
			},
			"minecraft:emitter_shape_sphere": {
				"radius": 2,
				"surface_only": true,
				"direction": "outwards"
			},
			"minecraft:particle_lifetime_expression": {
				"max_lifetime": "Math.random(1.2, 2.1)"
			},
			"minecraft:particle_initial_speed": "Math.random(1,2)",
			"minecraft:particle_motion_dynamic": {},
			"minecraft:particle_appearance_billboard": {
				"size": ["variable.particle_random_1 * 0.05 + 0.05", "variable.particle_random_1 * 0.05 + 0.05"],
				"facing_camera_mode": "lookat_xyz",
        "uv": {
          "texture_width": 16,
          "texture_height": 64,
            "flipbook": {
	            "base_UV": [ 0, 0 ],
	            "size_UV": [ 16, 16 ],
	            "step_UV": [ 0, 16 ],
          	            "frames_per_second": 16,
	            "max_frame": 16,
	            "stretch_to_lifetime": true,
	            "loop": false
        }}
			}
		}
	}
}