{
    "pools": [
        {
            "rolls": 1,
            "entries": [
                {
                    "type": "item",
                    "name": "minecraft:iron_ingot",
                    "weight": 1,
                    "functions": [
                        {
                            "function": "set_count",
                            "count": {
                                "min": 1,
                                "max": 9
                            }
                        },
                        {
                            "function": "looting_enchant",
                            "count": {
                                "min": 0,
                                "max": 1
                            }
                        }
                    ]
                }
            ]
        },
        {
            "conditions": [
                {
                    "condition": "killed_by_player"
                },
                {
                    "condition": "random_chance_with_looting",
                    "chance": 0.075,
                    "looting_multiplier": 0.02
                }
            ],
            "rolls": 1,
            "entries": [
                {
                    "type": "item",
                    "name": "minecraft:totem_of_undying",
                    "weight": 1,
                    "functions": [
                        {
                           "function": "set_count",
                            "count": {
                                "min": 1,
                                "max": 2
                            }
                        }
                    ]
                }
            ]
        },
        {
            "conditions": [
                {
                    "condition": "killed_by_player"
                },
                {
                    "condition": "random_chance_with_looting",
                    "chance": 0.075,
                    "looting_multiplier": 0.02
                }
            ],
            "rolls": 1,
            "entries": [
                {
                    "type": "item",
                    "name": "minecraft:name_tag",
                    "weight": 1,
                    "functions": [
                        {
                           "function": "set_count",
                            "count": {
                                "min": 1,
                                "max": 2
                            }
                        }
                    ]
                }
            ]
        },
        {
            "conditions": [
                {
                    "condition": "killed_by_player"
                },
                {
                    "condition": "random_chance_with_looting",
                    "chance": 0.075,
                    "looting_multiplier": 0.02
                }
            ],
            "rolls": 1,
            "entries": [
                {
                    "type": "item",
                    "name": "minecraft:emerald",
                    "weight": 1,
                    "functions": [
                        {
                           "function": "set_count",
                            "count": {
                                "min": 1,
                                "max": 2
                            }
                        }
                    ]
                }
            ]
        },
        {
            "conditions": [
                {
                    "condition": "killed_by_player"
                },
                {
                    "condition": "random_chance_with_looting",
                    "chance": 0.075,
                    "looting_multiplier": 0.02
                }
            ],
            "rolls": 1,
            "entries": [
                {
                    "type": "item",
                    "name": "minecraft:ender_pearl",
                    "weight": 1,
                    "functions": [
                        {
                           "function": "set_count",
                            "count": {
                                "min": 1,
                                "max": 2
                            }
                        }
                    ]
                }
            ]
        },
        {
            "conditions": [
                {
                    "condition": "killed_by_player"
                },
                {
                    "condition": "random_chance_with_looting",
                    "chance": 0.075,
                    "looting_multiplier": 0.02
                }
            ],
            "rolls": 1,
            "entries": [
                {
                    "type": "item",
                    "name": "minecraft:blaze_rod",
                    "weight": 1,
                    "functions": [
                        {
                           "function": "set_count",
                            "count": {
                                "min": 1,
                                "max": 2
                            }
                        }
                    ]
                }
            ]
        },
        {
            "conditions": [
                {
                    "condition": "killed_by_player"
                },
                {
                    "condition": "random_chance_with_looting",
                    "chance": 0.075,
                    "looting_multiplier": 0.02
                }
            ],
            "rolls": 1,
            "entries": [
                {
                    "type": "item",
                    "name": "minecraft:diamond_chestplate",
                    "weight": 1,
                    "functions": [
                        {
                           "function": "set_count",
                            "count": {
                                "min": 1,
                                "max": 2
                            }
                        }
                    ]
                }
            ]
        },
        {
            "conditions": [
                {
                    "condition": "killed_by_player"
                },
                {
                    "condition": "random_chance_with_looting",
                    "chance": 0.075,
                    "looting_multiplier": 0.02
                }
            ],
            "rolls": 1,
            "entries": [
                {
                    "type": "item",
                    "name": "minecraft:diamond_hoe",
                    "weight": 1,
                    "functions": [
                        {
                           "function": "set_count",
                            "count": {
                                "min": 1,
                                "max": 2
                            }
                        }
                    ]
                }
            ]
        },
        {
            "conditions": [
                {
                    "condition": "killed_by_player"
                },
                {
                    "condition": "random_chance_with_looting",
                    "chance": 0.075,
                    "looting_multiplier": 0.02
                }
            ],
            "rolls": 1,
            "entries": [
                {
                    "type": "item",
                    "name": "minecraft:iron_sword",
                    "weight": 1,
                    "functions": [
                        {
                           "function": "set_count",
                            "count": {
                                "min": 1,
                                "max": 2
                            }
                        }
                    ]
                }
            ]
        },
        {
            "conditions": [
                {
                    "condition": "killed_by_player"
                },
                {
                    "condition": "random_chance_with_looting",
                    "chance": 0.075,
                    "looting_multiplier": 0.02
                }
            ],
            "rolls": 1,
            "entries": [
                {
                    "type": "item",
                    "name": "minecraft:tnt_minecart",
                    "weight": 1,
                    "functions": [
                        {
                           "function": "set_count",
                            "count": {
                                "min": 1,
                                "max": 2
                            }
                        }
                    ]
                }
            ]
        },
        {
            "conditions": [
                {
                    "condition": "killed_by_player"
                },
                {
                    "condition": "random_chance_with_looting",
                    "chance": 0.075,
                    "looting_multiplier": 0.02
                }
            ],
            "rolls": 1,
            "entries": [
                {
                    "type": "item",
                    "name": "minecraft:stone_shovel",
                    "weight": 1,
                    "functions": [
                        {
                           "function": "set_count",
                            "count": {
                                "min": 1,
                                "max": 2
                            }
                        }
                    ]
                }
            ]
        },
        {
            "conditions": [
                {
                    "condition": "killed_by_player"
                },
                {
                    "condition": "random_chance_with_looting",
                    "chance": 0.075,
                    "looting_multiplier": 0.02
                }
            ],
            "rolls": 1,
            "entries": [
                {
                    "type": "item",
                    "name": "minecraft:elytra",
                    "weight": 1,
                    "functions": [
                        {
                           "function": "set_count",
                            "count": {
                                "min": 1,
                                "max": 2
                            }
                        }
                    ]
                }
            ]
        },
        {
            "conditions": [
                {
                    "condition": "killed_by_player"
                },
                {
                    "condition": "random_chance_with_looting",
                    "chance": 0.075,
                    "looting_multiplier": 0.02
                }
            ],
            "rolls": 1,
            "entries": [
                {
                    "type": "item",
                    "name": "minecraft:trident",
                    "weight": 1,
                    "functions": [
                        {
                           "function": "set_count",
                            "count": {
                                "min": 1,
                                "max": 2
                            }
                        }
                    ]
                }
            ]
        },
        {
            "conditions": [
                {
                    "condition": "killed_by_player"
                },
                {
                    "condition": "random_chance_with_looting",
                    "chance": 0.075,
                    "looting_multiplier": 0.02
                }
            ],
            "rolls": 1,
            "entries": [
                {
                    "type": "item",
                    "name": "minecraft:crossbow",
                    "weight": 1,
                    "functions": [
                        {
                           "function": "set_count",
                            "count": {
                                "min": 1,
                                "max": 2
                            }
                        }
                    ]
                }
            ]
        }
    ]
}			