{
	"format_version": "1.8.0",
	"animations": {
		"animation.ParticleEntity.idle": {
			"loop": true,
			"animation_length": 2,
			"override_previous_animation": true,
			"bones": {
				"front": {
					"rotation": [0, 0, 0]
				},
				"bodylaser1": {
					"scale": {
						"0.0": [1, 1, 1],
						"0.5167": [0, 0, 0],
						"1.0": [1, 1, 1],
						"1.4833": [0, 0, 0],
						"2.0": [1, 1, 1]
					}
				},
				"bodylaser": {
					"scale": {
						"0.0": [0.6, 0, 0],
						"0.5167": [1, 1, 1],
						"1.0": [0, 0, 0],
						"1.4833": [1, 1, 1],
						"2.0": [0, 0, 0]
					}
				},
				"back": {
					"rotation": [0, 0, 0]
				},
				"backlaser1": {
					"scale": {
						"0.5167": [0, 0, 0],
						"1.0": [1, 1, 1],
						"1.4833": [0, 0, 0],
						"2.0": [1, 1, 1]
					}
				},
				"backlaser": {
					"scale": {
						"0.0": [0, 0, -0.1],
						"0.5167": [1, 1, 1],
						"1.0": [0, 0, 0],
						"1.4833": [1, 1, 1],
						"2.0": [0, 0, 0]
					}
				},
				"front2": {
					"rotation": [0, 0, 0]
				},
				"tail": {
					"rotation": {
						"0.0": [0, 0, 0],
						"0.5167": [0, -5, 0],
						"1.5167": [0, 5, 0],
						"2.0": [0, 0, 0]
					}
				},
				"tail2": {
					"rotation": {
						"0.0": [0, 0, 0],
						"0.5167": [0, -5, 0],
						"1.5167": [0, 5, 0],
						"2.0": [0, 0, 0]
					}
				},
				"taillaser1": {
					"scale": {
						"0.5167": [0, 0, 0],
						"1.0": [1, 1, 1],
						"1.4833": [0, 0, 0],
						"2.0": [1, 1, 1]
					}
				},
				"tail3": {
					"rotation": {
						"0.0": [0, 0, 0],
						"0.5167": [0, -5, 0],
						"1.5167": [0, 5, 0],
						"2.0": [0, 0, 0]
					}
				},
				"tail4": {
					"rotation": {
						"0.0": [0, 0, 0],
						"0.5167": [0, -5, 0],
						"1.5167": [0, 5, 0],
						"2.0": [0, 0, 0]
					}
				},
				"tail5": {
					"rotation": {
						"0.0": [0, 0, 0],
						"0.5167": [0, -5, 0],
						"1.5167": [0, 5, 0],
						"2.0": [0, 0, 0]
					}
				},
				"tail6": {
					"rotation": {
						"0.0": [0, 0, 0],
						"0.5167": [0, -5, 0],
						"1.5167": [0, 5, 0],
						"2.0": [0, 0, 0]
					}
				},
				"taillaser": {
					"scale": {
						"0.0": [1, 0, 0],
						"0.5167": [1, 0.9, 1.3],
						"1.0": [0, 0, 0],
						"1.4833": [1, 1, 1],
						"2.0": [0, 0, 0]
					}
				},
				"tail7": {
					"rotation": {
						"0.0": [0, 0, 0],
						"0.5167": [0, -5, 0],
						"1.5167": [0, 5, 0],
						"2.0": [0, 0, 0]
					}
				},
				"tail8": {
					"rotation": {
						"0.0": [0, 0, 0],
						"0.5167": [0, -5, 0],
						"1.5167": [0, 5, 0]
					}
				},
				"winglaser": {
					"scale": {
						"0.0": [0, 0, 0.3],
						"0.5167": [1, 1, 1],
						"1.0": [0, 0, 0],
						"1.4833": [1, 1, 1],
						"2.0": [0, 0, 0]
					}
				},
				"winglaser1": {
					"scale": {
						"0.0": [1, 1, 1],
						"0.5167": [0, 0, 0],
						"1.0": [1, 1, 1],
						"1.4833": [0, 0, 0],
						"2.0": [1, 1, 1]
					}
				},
				"neck": {
					"rotation": {
						"0.0": [0, 0, 0],
						"0.5167": [-5, 0, 0],
						"1.5167": [5, 0, 0],
						"2.0": [0, 0, 0]
					}
				},
				"neck2": {
					"rotation": {
						"0.0": [0, 0, 0],
						"0.5167": [0, 0, 0],
						"1.5167": [-5, 0, 0],
						"2.0": [0, 0, 0]
					}
				},
				"necklaser": {
					"scale": {
						"0.0": [0.9, 0, 0],
						"0.5167": [1, 1, 1],
						"1.0": [0, 0, 0],
						"1.4833": [1, 1, 1],
						"2.0": [0, 0, 0]
					}
				},
				"neck3": {
					"rotation": [0, 0, 0]
				},
				"necklaser1": {
					"scale": {
						"0.5167": [0, 0, 0],
						"1.0": [1, 1, 1],
						"1.4833": [0, 0, 0],
						"2.0": [1, 1, 1]
					}
				},
				"upperjaw": {
					"rotation": [15, 0, 0]
				},
				"lowerjaw": {
					"rotation": [-15, 0, 0]
				},
				"laser": {
					"scale": [0, 0, 0]
				},
				"entity": {
					"rotation": [0, 0, 0]
				}
			}
		},
		"animation.ParticleEntity.move": {
			"loop": true,
			"animation_length": 2,
			"bones": {
				"front": {
					"rotation": [0, 0, 0]
				},
				"bodylaser1": {
					"scale": {
						"0.0": [1, 1, 1],
						"0.5167": [0, 0, 0],
						"1.0": [1, 1, 1],
						"1.4833": [0, 0, 0],
						"2.0": [1, 1, 1]
					}
				},
				"bodylaser": {
					"scale": {
						"0.0": [0.6, 0, 0],
						"0.5167": [1, 1, 1],
						"1.0": [0, 0, 0],
						"1.4833": [1, 1, 1],
						"2.0": [0, 0, 0]
					}
				},
				"back": {
					"rotation": [0, 0, 0]
				},
				"backlaser1": {
					"scale": {
						"0.5167": [0, 0, 0],
						"1.0": [1, 1, 1],
						"1.4833": [0, 0, 0],
						"2.0": [1, 1, 1]
					}
				},
				"backlaser": {
					"scale": {
						"0.0": [0, 0, -0.1],
						"0.5167": [1, 1, 1],
						"1.0": [0, 0, 0],
						"1.4833": [1, 1, 1],
						"2.0": [0, 0, 0]
					}
				},
				"front2": {
					"rotation": [0, 0, 0]
				},
				"tail": {
					"rotation": {
						"0.0": [0, 0, 0],
						"0.5167": [0, -10, 0],
						"1.5167": [0, 10, 0],
						"2.0": [0, 0, 0]
					}
				},
				"tail2": {
					"rotation": {
						"0.0": [0, 0, 0],
						"0.5167": [0, -10, 0],
						"1.5167": [0, 10, 0],
						"2.0": [0, 0, 0]
					}
				},
				"taillaser1": {
					"scale": {
						"0.5167": [0, 0, 0],
						"1.0": [1, 1, 1],
						"1.4833": [0, 0, 0],
						"2.0": [1, 1, 1]
					}
				},
				"tail3": {
					"rotation": {
						"0.0": [0, 0, 0],
						"0.5167": [0, -5, 0],
						"1.5167": [0, 5, 0],
						"2.0": [0, 0, 0]
					}
				},
				"tail4": {
					"rotation": {
						"0.0": [0, 0, 0],
						"0.5167": [0, -5, 0],
						"1.5167": [0, 5, 0],
						"2.0": [0, 0, 0]
					}
				},
				"tail5": {
					"rotation": {
						"0.0": [0, 0, 0],
						"0.5167": [0, -5, 0],
						"1.5167": [0, 5, 0],
						"2.0": [0, 0, 0]
					}
				},
				"tail6": {
					"rotation": {
						"0.0": [0, 0, 0],
						"0.5167": [0, -10, 0],
						"1.5167": [0, 10, 0],
						"2.0": [0, 0, 0]
					}
				},
				"taillaser": {
					"scale": {
						"0.0": [1, 0, 0],
						"0.5167": [1, 0.9, 1.3],
						"1.0": [0, 0, 0],
						"1.4833": [1, 1, 1],
						"2.0": [0, 0, 0]
					}
				},
				"tail7": {
					"rotation": {
						"0.0": [0, 0, 0],
						"0.5167": [0, -10, 0],
						"1.5167": [0, 10, 0],
						"2.0": [0, 0, 0]
					}
				},
				"tail8": {
					"rotation": {
						"0.0": [0, 0, 0],
						"0.5167": [0, -5, 0],
						"1.5167": [0, 5, 0]
					}
				},
				"winglaser": {
					"scale": {
						"0.0": [0, 0, 0.3],
						"0.5167": [1, 1, 1],
						"1.0": [0, 0, 0],
						"1.4833": [1, 1, 1],
						"2.0": [0, 0, 0]
					}
				},
				"winglaser1": {
					"scale": {
						"0.0": [1, 1, 1],
						"0.5167": [0, 0, 0],
						"1.0": [1, 1, 1],
						"1.4833": [0, 0, 0],
						"2.0": [1, 1, 1]
					}
				},
				"neck": {
					"rotation": {
						"0.0": [0, 0, 0],
						"0.5167": [-5, 0, 0],
						"1.5167": [5, 0, 0],
						"2.0": [0, 0, 0]
					}
				},
				"neck2": {
					"rotation": {
						"0.0": [0, 0, 0],
						"0.5167": [0, 0, 0],
						"1.5167": [-5, 0, 0],
						"2.0": [0, 0, 0]
					}
				},
				"necklaser": {
					"scale": {
						"0.0": [0.9, 0, 0],
						"0.5167": [1, 1, 1],
						"1.0": [0, 0, 0],
						"1.4833": [1, 1, 1],
						"2.0": [0, 0, 0]
					}
				},
				"neck3": {
					"rotation": [0, 0, 0]
				},
				"necklaser1": {
					"scale": {
						"0.5167": [0, 0, 0],
						"1.0": [1, 1, 1],
						"1.4833": [0, 0, 0],
						"2.0": [1, 1, 1]
					}
				},
				"upperjaw": {
					"rotation": [15, 0, 0]
				},
				"lowerjaw": {
					"rotation": [-15, 0, 0]
				},
				"laser": {
					"scale": [0, 0, 0]
				},
				"leg0": {
					"rotation": {
						"0.0": [0, 0, 0],
						"0.2333": [20, 0, 0],
						"0.5167": [0, 0, 0],
						"0.7667": [-25, 0, 0],
						"1.0": [0, 0, 0],
						"1.2333": [25, 0, 0],
						"1.5167": [0, 0, 0],
						"1.7667": [-25, 0, 0],
						"2.0": [0, 0, 0]
					}
				},
				"leg1": {
					"rotation": {
						"0.0": [0, 0, 0],
						"0.2333": [-25, 0, 0],
						"0.5167": [0, 0, 0],
						"0.7667": [25, 0, 0],
						"1.0": [0, 0, 0],
						"1.2333": [-25, 0, 0],
						"1.5167": [0, 0, 0],
						"1.7667": [25, 0, 0],
						"2.0": [0, 0, 0]
					}
				},
				"wing0": {
					"position": {
						"0.0": [0, 0, 0],
						"0.2333": [0, 0, -10],
						"0.5167": [0, 0, 0],
						"0.7667": [0, 0, 10],
						"1.0": [0, 0, 0],
						"1.2333": [0, 0, -10],
						"1.5167": [0, 0, 0],
						"1.7667": [0, 0, 10],
						"2.0": [0, 0, 0]
					}
				},
				"wing1": {
					"position": {
						"0.0": [0, 0, 0],
						"0.2333": [0, 0, 10],
						"0.5167": [0, 0, 0],
						"0.7667": [0, 0, -10],
						"1.0": [0, 0, 0],
						"1.2333": [0, 0, 10],
						"1.5167": [0, 0, 0],
						"1.7667": [0, 0, -10],
						"2.0": [0, 0, 0]
					}
				}
			}
		},
		"animation.ParticleEntity.laser": {
			"animation_length": 1.64,
			"bones": {
				"tail": {
					"rotation": {
						"0.0": [0, 0, 0],
						"0.2": [15, -15, 0],
						"0.4333": [15, 15, 0],
						"0.8": [15, 0, 0],
						"1.6333": [0, 0, 0]
					}
				},
				"tail2": {
					"rotation": {
						"0.0": [0, 0, 0],
						"0.2": [10, -10, 0],
						"0.4333": [10, 15, 0],
						"0.8": [10, 5, 0],
						"1.6333": [0, 5, 0]
					}
				},
				"tail3": {
					"rotation": {
						"0.0": [0, 0, 0],
						"0.2": [10, -10, 0],
						"0.4333": [10, 10, 0],
						"0.8": [10, 0, 0],
						"1.6333": [0, 0, 0]
					}
				},
				"tail4": {
					"rotation": {
						"0.0": [0, 0, 0],
						"0.2": [15, -10, 0],
						"0.4333": [15, 10, 0],
						"0.8": [15, 0, 0],
						"1.6333": [5, 0, 0]
					}
				},
				"tail5": {
					"rotation": {
						"0.0": [0, 0, 0],
						"0.2": [-5, -10, 0],
						"0.4333": [-5, 10, 0],
						"0.8": [-5, 0, 0]
					}
				},
				"tail6": {
					"rotation": {
						"0.0": [0, 0, 0],
						"0.2": [-5, -10, 0],
						"0.4333": [-5, 10, 0],
						"0.8": [-5, 0, 0],
						"1.6333": [0, 0, 0]
					}
				},
				"tail7": {
					"rotation": {
						"0.0": [0, 0, 0],
						"0.2": [-15, -15, 0],
						"0.4333": [-15, 5, 0],
						"0.8": [-15, 0, 0],
						"1.6333": [-10, 0, 0]
					}
				},
				"tail8": {
					"rotation": {
						"0.2": [0, 0, -15],
						"0.4333": [0, 10, -15],
						"0.8": [0, 5, -15],
						"1.6333": [5, 5, -15]
					}
				},
				"neck": {
					"rotation": {
						"0.0": [0, 0, 0],
						"0.2333": [11.48, 0, 0],
						"0.3667": [10, 0, 0]
					}
				},
				"neck2": {
					"rotation": {
						"0.0": [0, 0, 0],
						"0.2333": [-8.24, 0, 0],
						"0.3667": [-5, 0, 0]
					}
				},
				"neck3": {
					"rotation": {
						"0.0": [0, 0, 0],
						"0.2333": [-5, 0, 0]
					}
				},
				"upperjaw": {
					"rotation": {
						"0.0": [20, 0, 0],
						"0.8": [20, 0, 0],
						"0.8833": [-20, 0, 0],
						"1.3167": [-15, 0, 0],
						"1.6333": [15, 0, 0]
					}
				},
				"lowerjaw": {
					"rotation": {
						"0.0": [-15, 0, 0],
						"0.8": [-15, 0, 0],
						"0.8833": [25, 0, 0],
						"1.3167": [20, 0, 0],
						"1.6333": [-15, 0, 0]
					}
				},
				"laser": {
					"scale": {
						"0.0": [0, 0, 0],
						"0.6": [1, 1, 1],
						"1.0": [1, 1, 1],
						"1.3167": [0.4, 0.4, 0.4],
						"1.6333": [1, 1, 0]
					}
				},
				"laser2": {
					"scale": {
						"0.3667": [0, 0, 0],
						"0.8333": [0, 0, 0],
						"0.8833": [1, 1, 1],
						"1.3167": [1, 1, 2]
					}
				},
				"head": {
					"rotation": {
						"0.0": [-30, 0, 0],
						"1.15": [-5, 0, 0],
						"1.2833": [-10, 0, 0]
					}
				}
			}
		}
	}
}