{
	"format_version": "1.12.0",
	"minecraft:geometry": [
		{
			"description": {
				"identifier": "geometry.ParticleEntity",
				"texture_width": 2048,
				"texture_height": 2048,
				"visible_bounds_width": 42,
				"visible_bounds_height": 6,
				"visible_bounds_offset": [0, 3, 0]
			},
			"bones": [
				{
					"name": "entity",
					"pivot": [0, 16, 74]
				},
				{
					"name": "body",
					"parent": "entity",
					"pivot": [0, 16, 74]
				},
				{
					"name": "front",
					"parent": "body",
					"pivot": [0, 39, 82],
					"cubes": [
						{"origin": [-12, 31.94404, 38.99128], "size": [24, 23, 49], "pivot": [0, 39, 82], "rotation": [5, 0, 0], "uv": [109, 20]},
						{"origin": [-5, 34.93262, 42.25275], "size": [10, 25, 46], "pivot": [0, 39, 82], "rotation": [5, 0, 0], "uv": [0, 135]},
						{"origin": [-16, 30.94404, 42.99128], "size": [32, 21, 45], "pivot": [0, 39, 82], "rotation": [5, 0, 0], "uv": [0, 69]},
						{"origin": [-12, 27.95165, 46.81697], "size": [24, 4, 36], "pivot": [0, 39, 82], "rotation": [5, 0, 0], "uv": [128, 176]},
						{"origin": [-17, 31.25493, 52.95329], "size": [34, 4, 4], "pivot": [0, 26, 2], "rotation": [15, 0, 0], "uv": [332, 225]},
						{"origin": [-17, 24.19746, 83.15581], "size": [34, 4, 4], "pivot": [0, 26, 2], "rotation": [15, 0, 0], "uv": [332, 217]},
						{"origin": [-17, 27.59739, 66.73507], "size": [34, 5, 5], "pivot": [0, 26, 2], "rotation": [15, 0, 0], "uv": [0, 261]}
					]
				},
				{
					"name": "bodylaser1",
					"parent": "front",
					"pivot": [0, 26, 2],
					"cubes": [
						{"origin": [19, 28.52804, 53.85759], "size": [2, 3, 21], "pivot": [0, 26, 2], "rotation": [15, 0, 0], "uv": [195, 370]},
						{"origin": [19, 31.25493, 35.95329], "size": [2, 3, 21], "pivot": [0, 26, 2], "rotation": [15, 0, 0], "uv": [241, 370]},
						{"origin": [19, 31.25493, 49.95329], "size": [2, 10, 3], "pivot": [0, 26, 2], "rotation": [15, 0, 0], "uv": [150, 176]}
					]
				},
				{
					"name": "bodylaser",
					"parent": "front",
					"pivot": [-39, 16, -82],
					"cubes": [
						{"origin": [-21, 8.22673, 28.64056], "size": [1, 2, 28], "pivot": [-39, 16, -82], "rotation": [15, 0, 0], "uv": [334, 334]},
						{"origin": [-21, 23.19634, 18.29326], "size": [1, 3, 13], "pivot": [-39, 16, -82], "rotation": [15, 0, 0], "uv": [206, 15]},
						{"origin": [-21, 10.19634, 28.29326], "size": [1, 16, 3], "pivot": [-39, 16, -82], "rotation": [15, 0, 0], "uv": [75, 268]}
					]
				},
				{
					"name": "back",
					"parent": "body",
					"pivot": [0, 41, 82],
					"rotation": [-25, 0, 0],
					"cubes": [
						{"origin": [-10, 35.83786, 79.42326], "size": [20, 22, 52], "pivot": [0, 37, 116], "rotation": [5, 0, 0], "uv": [102, 102]},
						{"origin": [-8, 37.67603, 119.51396], "size": [16, 18, 27], "pivot": [0, 42.07142, 126.87569], "rotation": [15, 0, 0], "uv": [246, 246]},
						{"origin": [-4, 44.68999, 123.57191], "size": [8, 16, 15], "pivot": [0, 42.07142, 126.87569], "rotation": [5, 0, 0], "uv": [0, 0]},
						{"origin": [-4, 38.55678, 78.1554], "size": [8, 24, 47], "pivot": [0, 37, 116], "rotation": [5, 0, 0], "uv": [65, 176]},
						{"origin": [-15, 33.83786, 79.42326], "size": [30, 21, 48], "pivot": [0, 37, 116], "rotation": [5, 0, 0], "uv": [0, 0]},
						{"origin": [-6, 31.02524, 84.26849], "size": [12, 4, 39], "pivot": [0, 37, 116], "rotation": [5, 0, 0], "uv": [0, 208]},
						{"origin": [-2, 82.59823, 129.59355], "size": [4, 10, 5], "pivot": [0, 57, 90], "rotation": [-30, 0, 0], "uv": [66, 153]},
						{"origin": [-11.51038, 17.16311, 137.45301], "size": [4, 10, 5], "pivot": [0, 28.95089, 150.52477], "rotation": [-130, -25, 5], "uv": [25, 135]},
						{"origin": [7.51038, 17.16311, 137.45301], "size": [4, 10, 5], "pivot": [0, 28.95089, 150.52477], "rotation": [-130, 25, -5], "uv": [0, 135]},
						{"origin": [-9.67874, 30.20693, 137.46978], "size": [2, 10, 3], "pivot": [0, 28.95089, 150.52477], "rotation": [-105, -25, 0], "uv": [213, 273]},
						{"origin": [7.67874, 30.20693, 137.46978], "size": [2, 10, 3], "pivot": [0, 28.95089, 150.52477], "rotation": [-105, 25, 0], "uv": [206, 15]},
						{"origin": [-1, 66.07314, 141.38316], "size": [2, 10, 3], "pivot": [0, 64.95891, 142.56097], "rotation": [-40, 0, 0], "uv": [0, 314]},
						{"origin": [-16, 21.99471, 93.69848], "size": [32, 4, 4], "pivot": [0, 26, 2], "rotation": [15, 0, 0], "uv": [356, 275]},
						{"origin": [-16, 18.22673, 112.64056], "size": [32, 4, 4], "pivot": [0, 26, 2], "rotation": [15, 0, 0], "uv": [356, 267]}
					]
				},
				{
					"name": "backlaser1",
					"parent": "back",
					"pivot": [-38, 34.80415, 56.37359],
					"cubes": [
						{"origin": [-19, 37.33219, 108.23118], "size": [2, 3, 21], "pivot": [-38, 34.80415, 56.37359], "rotation": [15, 0, 0], "uv": [66, 155]},
						{"origin": [-19, 40.05908, 90.32688], "size": [2, 3, 21], "pivot": [-38, 34.80415, 56.37359], "rotation": [15, 0, 0], "uv": [0, 135]},
						{"origin": [-19, 40.05908, 104.32688], "size": [2, 10, 3], "pivot": [-38, 34.80415, 56.37359], "rotation": [15, 0, 0], "uv": [128, 176]}
					]
				},
				{
					"name": "backlaser",
					"parent": "back",
					"pivot": [0, 26, 2],
					"cubes": [
						{"origin": [18, 18.22673, 112.64056], "size": [1, 2, 28], "pivot": [0, 26, 2], "rotation": [15, 0, 0], "uv": [345, 0]},
						{"origin": [18, 33.19634, 102.29326], "size": [1, 3, 13], "pivot": [0, 26, 2], "rotation": [15, 0, 0], "uv": [213, 273]},
						{"origin": [18, 20.19634, 112.29326], "size": [1, 16, 3], "pivot": [0, 26, 2], "rotation": [15, 0, 0], "uv": [67, 271]}
					]
				},
				{
					"name": "front2",
					"parent": "body",
					"pivot": [0, 11, 39],
					"cubes": [
						{"origin": [-13, 26.7318, 24.87004], "size": [26, 20, 23], "pivot": [0, 34, 42], "rotation": [15, 0, 0], "uv": [175, 216]},
						{"origin": [-9, 44.66365, 26.38767], "size": [18, 5, 23], "pivot": [0, 34, 42], "rotation": [15, 0, 0], "uv": [273, 212]},
						{"origin": [-4, 46.59551, 27.90531], "size": [8, 8, 22], "pivot": [0, 34, 42], "rotation": [15, 0, 0], "uv": [122, 333]},
						{"origin": [-1, 48.44833, 25.37718], "size": [2, 13, 3], "pivot": [0, 34, 42], "rotation": [-10, 0, 0], "uv": [340, 310]},
						{"origin": [-1, 56.54795, 51.9595], "size": [2, 13, 3], "pivot": [0, 56, 51], "rotation": [-15, 0, 0], "uv": [307, 0]},
						{"origin": [-1, 59.38904, 98.58456], "size": [2, 13, 3], "pivot": [0, 56, 93], "rotation": [-45, 0, 0], "uv": [86, 295]},
						{"origin": [-1, 72.82407, 120.50487], "size": [2, 10, 3], "pivot": [0, 56, 93], "rotation": [-45, 0, 0], "uv": [60, 350]},
						{"origin": [-1, 61.4571, 75.65947], "size": [2, 16, 3], "pivot": [0, 56, 71], "rotation": [-20, 0, 0], "uv": [214, 92]},
						{"origin": [-1, 58.56774, 33.56806], "size": [2, 8, 2], "pivot": [0, 66, 40], "rotation": [-30, 0, 0], "uv": [108, 20]},
						{"origin": [-1, 68.52485, 54.30657], "size": [2, 9, 2], "pivot": [0, 66, 54], "rotation": [-35, 0, 0], "uv": [63, 206]},
						{"origin": [-1, 71.97069, 107.7587], "size": [2, 9, 2], "pivot": [0, 67, 101], "rotation": [-70, 0, 0], "uv": [0, 159]},
						{"origin": [-1, 93.38523, 121.30033], "size": [2, 6, 2], "pivot": [0, 67, 101], "rotation": [-75, 0, 0], "uv": [0, 99]},
						{"origin": [-0.47707, 75.80652, 79.80855], "size": [2, 9, 2], "pivot": [0, 71, 78], "rotation": [-45, -5, 0], "uv": [33, 159]},
						{"origin": [-2, 48.79563, 26.34679], "size": [4, 6, 5], "pivot": [0, 34, 42], "rotation": [-10, 0, 0], "uv": [305, 246]},
						{"origin": [-2, 57.07606, 50.27239], "size": [4, 7, 5], "pivot": [0, 34, 42], "rotation": [-10, 0, 0], "uv": [0, 271]},
						{"origin": [-2, 56.03031, 98.27322], "size": [4, 7, 5], "pivot": [0, 57, 90], "rotation": [-30, 0, 0], "uv": [21, 226]},
						{"origin": [-2, 61.46813, 121.69181], "size": [4, 7, 5], "pivot": [0, 57, 90], "rotation": [-30, 0, 0], "uv": [21, 206]},
						{"origin": [-3, 64.37169, 74.37164], "size": [6, 8, 5], "pivot": [0, 34, 42], "rotation": [-10, 0, 0], "uv": [175, 222]},
						{"origin": [-14, 29.7039, 31.56422], "size": [28, 3, 3], "pivot": [0, 26, 2], "rotation": [15, 0, 0], "uv": [285, 116]},
						{"origin": [-14, 31.23823, 41.29283], "size": [28, 3, 3], "pivot": [0, 26, 2], "rotation": [15, 0, 0], "uv": [128, 216]}
					]
				},
				{
					"name": "tail",
					"parent": "entity",
					"pivot": [0, 23, 146],
					"rotation": [-5, 0, 0],
					"cubes": [
						{"origin": [-7, 15.68999, 142.57191], "size": [14, 16, 10], "pivot": [0, 13.07142, 145.87569], "rotation": [5, 0, 0], "uv": [108, 20]},
						{"origin": [-9, 14.45685, 152.76728], "size": [18, 19, 15], "pivot": [0, 13.07142, 145.87569], "rotation": [5, 0, 0], "uv": [160, 312]},
						{"origin": [-1, 33.33244, 164.21545], "size": [2, 12, 3], "pivot": [0, 34.03078, 166.14155], "rotation": [-45, 0, 0], "uv": [70, 394]},
						{"origin": [-8.18385, -9.92902, 203.43381], "size": [2, 12, 3], "pivot": [0, -34.03078, 166.14155], "rotation": [45, -20, 0], "uv": [60, 394]},
						{"origin": [6.18385, -9.92902, 203.43381], "size": [2, 12, 3], "pivot": [0, -34.03078, 166.14155], "rotation": [45, 20, 0], "uv": [50, 394]}
					]
				},
				{
					"name": "tail2",
					"parent": "tail",
					"pivot": [0, 25.34795, 170.2175],
					"rotation": [5, 0, -5],
					"cubes": [
						{"origin": [-8, 17.03794, 166.7894], "size": [16, 18, 10], "pivot": [0, 15.41937, 170.09319], "rotation": [5, 0, 0], "uv": [327, 364]},
						{"origin": [-10, 15.80481, 176.98478], "size": [20, 21, 17], "pivot": [0, 15.41937, 170.09319], "rotation": [5, 0, 0], "uv": [86, 295]},
						{"origin": [-1, 35.55438, 189.34385], "size": [2, 12, 3], "pivot": [0, 36.89637, 192.2909], "rotation": [-45, 0, 0], "uv": [40, 394]},
						{"origin": [-8.30342, -14.38446, 237.03705], "size": [2, 12, 3], "pivot": [0, -36.89637, 192.2909], "rotation": [50, -25, 0], "uv": [392, 393]},
						{"origin": [6.30342, -14.38446, 237.03705], "size": [2, 12, 3], "pivot": [0, -36.89637, 192.2909], "rotation": [50, 25, 0], "uv": [389, 361]}
					]
				},
				{
					"name": "taillaser1",
					"parent": "tail2",
					"pivot": [0, 15.41937, 170.09319],
					"cubes": [
						{"origin": [12.50234, 19.94122, 207.23795], "size": [2, 18, 3], "pivot": [0, 15.41937, 170.09319], "rotation": [5, 0, 0], "uv": [238, 288]},
						{"origin": [12.98097, 28.37565, 190.9091], "size": [2, 18, 3], "pivot": [0, 15.41937, 170.09319], "rotation": [5, 0, 0], "uv": [297, 0]},
						{"origin": [12.75522, 28.00608, 192.50131], "size": [2, 3, 17], "pivot": [0, 15.41937, 170.09319], "rotation": [5, 0, 0], "uv": [151, 378]},
						{"origin": [12.98097, 33.37565, 176.9091], "size": [2, 3, 17], "pivot": [0, 15.41937, 170.09319], "rotation": [5, 0, 0], "uv": [172, 381]}
					]
				},
				{
					"name": "tail3",
					"parent": "tail2",
					"pivot": [0, 28.21355, 196.36684],
					"rotation": [5, 0, 0],
					"cubes": [
						{"origin": [-9, 18.90353, 192.93875], "size": [18, 19, 10], "pivot": [0, 18.28496, 196.24254], "rotation": [5, 0, 0], "uv": [60, 353]},
						{"origin": [1.95085, -31.82158, 254.14837], "size": [2, 12, 3], "pivot": [0, -36.89637, 192.2909], "rotation": [50, -25, 0], "uv": [315, 375]},
						{"origin": [-3.95085, -31.82158, 254.14837], "size": [2, 12, 3], "pivot": [0, -36.89637, 192.2909], "rotation": [50, 25, 0], "uv": [290, 375]},
						{"origin": [-1, 56.93706, 206.30795], "size": [2, 12, 3], "pivot": [0, 36.89637, 192.2909], "rotation": [-45, 0, 0], "uv": [172, 378]},
						{"origin": [-11, 17.6704, 203.13412], "size": [22, 22, 18], "pivot": [0, 18.28496, 196.24254], "rotation": [5, 0, 0], "uv": [232, 291]}
					]
				},
				{
					"name": "tail4",
					"parent": "tail3",
					"pivot": [0, 30.11321, 222.77501],
					"rotation": [5, 0, 0],
					"cubes": [
						{"origin": [-1, 78.18577, 225.5041], "size": [2, 12, 3], "pivot": [0, 36.89637, 192.2909], "rotation": [-45, 0, 0], "uv": [40, 374]},
						{"origin": [14.03724, -50.74402, 271.92082], "size": [2, 12, 3], "pivot": [0, -36.89637, 192.2909], "rotation": [50, -25, 0], "uv": [370, 239]},
						{"origin": [-16.03724, -50.74402, 271.92082], "size": [2, 12, 3], "pivot": [0, -36.89637, 192.2909], "rotation": [50, 25, 0], "uv": [116, 363]},
						{"origin": [-10, 20.8032, 219.34692], "size": [20, 20, 10], "pivot": [0, 20.18463, 222.6507], "rotation": [5, 0, 0], "uv": [267, 345]},
						{"origin": [-12, 18.57006, 229.54229], "size": [24, 24, 19], "pivot": [0, 20.18463, 222.6507], "rotation": [5, 0, 0], "uv": [0, 271]}
					]
				},
				{
					"name": "tail5",
					"parent": "tail4",
					"pivot": [0, 31.82341, 252.33977],
					"cubes": [
						{"origin": [-10, 22.5134, 248.91168], "size": [20, 20, 10], "pivot": [0, 21.89483, 252.21547], "rotation": [5, 0, 0], "uv": [344, 148]},
						{"origin": [26.92055, -68.54215, 290.01079], "size": [2, 12, 3], "pivot": [0, -36.89637, 192.2909], "rotation": [50, -25, 0], "uv": [360, 239]},
						{"origin": [-28.92055, -68.54215, 290.01079], "size": [2, 12, 3], "pivot": [0, -36.89637, 192.2909], "rotation": [50, 25, 0], "uv": [351, 345]},
						{"origin": [-1, 99.43449, 244.70026], "size": [2, 12, 3], "pivot": [0, 36.89637, 192.2909], "rotation": [-45, 0, 0], "uv": [361, 0]},
						{"origin": [-12, 20.28026, 259.10705], "size": [24, 24, 19], "pivot": [0, 21.89483, 252.21547], "rotation": [5, 0, 0], "uv": [83, 247]}
					]
				},
				{
					"name": "tail6",
					"parent": "tail5",
					"pivot": [0, 33.53361, 281.90454],
					"cubes": [
						{"origin": [-9, 25.22359, 278.47644], "size": [18, 18, 10], "pivot": [0, 23.60503, 281.78023], "rotation": [5, 0, 0], "uv": [362, 304]},
						{"origin": [42.21416, -85.10013, 310.25774], "size": [2, 12, 3], "pivot": [0, -36.89637, 192.2909], "rotation": [50, -25, 0], "uv": [350, 310]},
						{"origin": [-44.21416, -85.10013, 310.25774], "size": [2, 12, 3], "pivot": [0, -36.89637, 192.2909], "rotation": [50, 25, 0], "uv": [194, 346]},
						{"origin": [-1, 120.1832, 264.76243], "size": [2, 12, 3], "pivot": [0, 36.89637, 192.2909], "rotation": [-45, 0, 0], "uv": [351, 0]},
						{"origin": [-11, 22.99046, 288.67182], "size": [22, 22, 19], "pivot": [0, 23.60503, 281.78023], "rotation": [5, 0, 0], "uv": [150, 271]}
					]
				},
				{
					"name": "taillaser",
					"parent": "tail6",
					"pivot": [-27.77502, 17.11628, 267.08117],
					"cubes": [
						{"origin": [-15.27268, 21.63812, 304.22593], "size": [2, 18, 3], "pivot": [-27.77502, 17.11628, 267.08117], "rotation": [5, 0, 0], "uv": [222, 0]},
						{"origin": [-14.79405, 30.07256, 287.89709], "size": [2, 18, 3], "pivot": [-27.77502, 17.11628, 267.08117], "rotation": [5, 0, 0], "uv": [91, 153]},
						{"origin": [-15.01981, 29.70299, 289.48929], "size": [2, 3, 17], "pivot": [-27.77502, 17.11628, 267.08117], "rotation": [5, 0, 0], "uv": [0, 226]},
						{"origin": [-14.79405, 35.07256, 273.89709], "size": [2, 3, 17], "pivot": [-27.77502, 17.11628, 267.08117], "rotation": [5, 0, 0], "uv": [0, 206]}
					]
				},
				{
					"name": "tail7",
					"parent": "tail6",
					"pivot": [0, 36.20973, 311.21048],
					"cubes": [
						{"origin": [-7, 29.69202, 306.84551], "size": [15, 14, 7], "pivot": [0, 36.90633, 308.23916], "rotation": [5, 0, 0], "uv": [250, 212]},
						{"origin": [49.26325, -94.47295, 322.60523], "size": [2, 12, 3], "pivot": [0, -36.89637, 192.2909], "rotation": [50, -25, 0], "uv": [160, 312]},
						{"origin": [-51.26325, -94.47295, 322.60523], "size": [2, 12, 3], "pivot": [0, -36.89637, 192.2909], "rotation": [50, 25, 0], "uv": [0, 0]},
						{"origin": [-1, 131.0396, 277.95859], "size": [2, 12, 3], "pivot": [0, 36.89637, 192.2909], "rotation": [-45, 0, 0], "uv": [345, 47]},
						{"origin": [-9, 27.66658, 314.97776], "size": [18, 18, 12], "pivot": [0, 26.28115, 311.08617], "rotation": [5, 0, 0], "uv": [0, 344]}
					]
				},
				{
					"name": "tail8",
					"parent": "tail7",
					"pivot": [0, 37.9743, 326.18826],
					"cubes": [
						{"origin": [-4, 34.81493, 325.62187], "size": [8, 10, 18], "pivot": [0, 34.04572, 340.06395], "rotation": [5, 0, 0], "uv": [116, 363]},
						{"origin": [-3, 37.71639, 342.57668], "size": [6, 8, 22], "pivot": [0, 39.97998, 346.75608], "rotation": [25, 0, 0], "uv": [160, 348]}
					]
				},
				{
					"name": "leg0",
					"parent": "entity",
					"pivot": [14, 27, 101],
					"rotation": [-45, 0, 0],
					"cubes": [
						{"origin": [9, 13.82321, 89.85503], "size": [13, 24, 15], "pivot": [50, 27, 135], "rotation": [5, 0, 0], "uv": [341, 48]}
					]
				},
				{
					"name": "leg",
					"parent": "leg0",
					"pivot": [15, 12.91223, 101.37843],
					"rotation": [75, 0, 0],
					"cubes": [
						{"origin": [11, 0.14595, 97.21903], "size": [10, 20, 10], "pivot": [51, 9.32274, 131.36401], "rotation": [5, 0, 0], "uv": [0, 374]}
					]
				},
				{
					"name": "leg2",
					"parent": "leg",
					"pivot": [15, -3.992, 100.34766],
					"rotation": [-35, 0, 0],
					"cubes": [
						{"origin": [10, -2.75828, 96.18826], "size": [11, 6, 11], "pivot": [51, -7.58149, 130.33324], "rotation": [5, 0, 0], "uv": [378, 283]},
						{"origin": [15, -2.75828, 107.18826], "size": [3, 3, 7], "pivot": [51, -7.58149, 130.33324], "rotation": [5, 0, 0], "uv": [329, 122]}
					]
				},
				{
					"name": "foot",
					"parent": "leg2",
					"pivot": [15, -1.00342, 100.08619],
					"rotation": [5, 0, 0],
					"cubes": [
						{"origin": [9, -2.7697, 89.92679], "size": [13, 5, 7], "pivot": [51, -4.5929, 130.07177], "rotation": [5, 0, 0], "uv": [111, 391]},
						{"origin": [18, -2.7697, 80.92679], "size": [3, 3, 9], "pivot": [51, -4.5929, 130.07177], "rotation": [5, 0, 0], "uv": [344, 392]},
						{"origin": [10, -2.7697, 80.92679], "size": [3, 3, 9], "pivot": [51, -4.5929, 130.07177], "rotation": [5, 0, 0], "uv": [320, 392]}
					]
				},
				{
					"name": "leg1",
					"parent": "entity",
					"pivot": [-17, 27, 101],
					"rotation": [-45, 0, 0],
					"cubes": [
						{"origin": [-22, 13.82321, 89.85503], "size": [13, 24, 15], "pivot": [19, 27, 135], "rotation": [5, 0, 0], "uv": [211, 331]}
					]
				},
				{
					"name": "leg4",
					"parent": "leg1",
					"pivot": [-17, 12.91223, 101.37843],
					"rotation": [75, 0, 0],
					"cubes": [
						{"origin": [-21, 0.14595, 97.21903], "size": [10, 20, 10], "pivot": [19, 9.32274, 131.36401], "rotation": [5, 0, 0], "uv": [0, 69]}
					]
				},
				{
					"name": "leg5",
					"parent": "leg4",
					"pivot": [-17, -3.992, 100.34766],
					"rotation": [-35, 0, 0],
					"cubes": [
						{"origin": [-22, -2.75828, 96.18826], "size": [11, 6, 11], "pivot": [19, -7.58149, 130.33324], "rotation": [5, 0, 0], "uv": [63, 206]},
						{"origin": [-19, -2.75828, 107.18826], "size": [3, 3, 7], "pivot": [19, -7.58149, 130.33324], "rotation": [5, 0, 0], "uv": [211, 312]}
					]
				},
				{
					"name": "foot2",
					"parent": "leg5",
					"pivot": [-17, -1.00342, 100.08619],
					"rotation": [5, 0, 0],
					"cubes": [
						{"origin": [-23, -2.7697, 89.92679], "size": [13, 5, 7], "pivot": [19, -4.5929, 130.07177], "rotation": [5, 0, 0], "uv": [387, 379]},
						{"origin": [-14, -2.7697, 80.92679], "size": [3, 3, 9], "pivot": [19, -4.5929, 130.07177], "rotation": [5, 0, 0], "uv": [266, 375]},
						{"origin": [-22, -2.7697, 80.92679], "size": [3, 3, 9], "pivot": [19, -4.5929, 130.07177], "rotation": [5, 0, 0], "uv": [150, 247]}
					]
				},
				{
					"name": "wing0",
					"parent": "entity",
					"pivot": [16, 42, 42],
					"rotation": [0, -35, 15],
					"cubes": [
						{"origin": [15, 31.37065, 35.83527], "size": [11, 10, 11], "pivot": [16, 37, 41], "rotation": [5, 0, 0], "uv": [375, 0]},
						{"origin": [21, 35.37065, 44.83527], "size": [29, 2, 33], "pivot": [16, 37, 41], "rotation": [5, 0, 0], "uv": [206, 0]},
						{"origin": [26, 32.37065, 37.83527], "size": [23, 8, 7], "pivot": [16, 37, 41], "rotation": [5, 0, 0], "uv": [365, 124]}
					]
				},
				{
					"name": "wing",
					"parent": "wing0",
					"pivot": [47.75802, 37.46807, 41.11437],
					"rotation": [-70, 30, 90],
					"cubes": [
						{"origin": [45.86708, 37.84905, 39.51078], "size": [33, 11, 2], "pivot": [49.2071, 37.58262, 42.97598], "rotation": [25, -5, 30], "uv": [350, 178]},
						{"origin": [46.86708, 33.84905, 37.51078], "size": [50, 8, 7], "pivot": [49.2071, 37.58262, 42.97598], "rotation": [25, -5, 30], "uv": [212, 197]},
						{"origin": [67.60609, 27.60412, 40.63721], "size": [47, 8, 2], "pivot": [75.71256, 40.72088, 39.70923], "rotation": [180, 20, -115], "uv": [0, 251]},
						{"origin": [82.52308, 20.62971, 41.00325], "size": [32, 7, 2], "pivot": [75.71256, 40.72088, 39.70923], "rotation": [180, 20, -115], "uv": [364, 352]},
						{"origin": [47.60609, 35.60412, 38.63721], "size": [64, 8, 7], "pivot": [75.71256, 40.72088, 39.70923], "rotation": [180, 20, -115], "uv": [206, 35]}
					]
				},
				{
					"name": "wing2",
					"parent": "wing",
					"pivot": [70.75412, 83.5143, 25.81518],
					"rotation": [0, 0, -45],
					"cubes": [
						{"origin": [69.08722, 57.52676, 23.2468], "size": [49, 6, 2], "pivot": [70.75412, 83.5143, 25.81518], "rotation": [180, 10, -105], "uv": [246, 150]},
						{"origin": [72.9749, 48.41076, 23.93991], "size": [31, 9, 2], "pivot": [70.75412, 83.5143, 25.81518], "rotation": [180, 10, -105], "uv": [365, 87]},
						{"origin": [69.05878, 63.29178, 23.21839], "size": [63, 7, 6], "pivot": [70.75412, 83.5143, 25.81518], "rotation": [180, 10, -105], "uv": [212, 176]}
					]
				},
				{
					"name": "wing3",
					"parent": "wing",
					"pivot": [78.75412, 39.5143, 47.81518],
					"rotation": [10, 10, -40],
					"cubes": [
						{"origin": [78.8848, 29.02529, 17.76175], "size": [40, 11, 2], "pivot": [104.20996, 76.28385, 25.81518], "rotation": [180, 10, -105], "uv": [285, 103]},
						{"origin": [62.8848, 32.02529, 16.76175], "size": [63, 4, 4], "pivot": [104.20996, 76.28385, 25.81518], "rotation": [180, 10, -105], "uv": [212, 189]}
					]
				},
				{
					"name": "winglaser",
					"parent": "wing3",
					"pivot": [104.20996, 76.28385, 25.81518],
					"cubes": [
						{"origin": [74.98679, 16.91062, 22.96177], "size": [16, 3, 2], "pivot": [104.20996, 76.28385, 25.81518], "rotation": [180, 10, -105], "uv": [294, 304]},
						{"origin": [78.9335, 19.52157, 22.87427], "size": [3, 8, 2], "pivot": [104.20996, 76.28385, 25.81518], "rotation": [180, 10, -105], "uv": [38, 31]},
						{"origin": [79.72829, 28.13203, 21.69756], "size": [40, 3, 2], "pivot": [104.20996, 76.28385, 25.81518], "rotation": [180, 10, -105], "uv": [66, 148]}
					]
				},
				{
					"name": "wing4",
					"parent": "wing",
					"pivot": [49.72159, 29.77796, 40.84247],
					"rotation": [-20, -110, -25],
					"cubes": [
						{"origin": [40.963, 35.67382, 16.59864], "size": [36, 18, 2], "pivot": [82.28816, 80.93238, 22.65207], "rotation": [180, 10, -105], "uv": [68, 333]},
						{"origin": [40.84593, 34.70403, 15.34386], "size": [44, 4, 4], "pivot": [82.28816, 80.93238, 22.65207], "rotation": [180, 10, -105], "uv": [169, 259]}
					]
				},
				{
					"name": "hand0",
					"parent": "wing",
					"pivot": [93.35495, 10.10842, 46.70354],
					"rotation": [0, -25, 25],
					"cubes": [
						{"origin": [101.31085, 30.90798, 39.55227], "size": [9, 3, 3], "pivot": [53.80402, 30.22297, 45.56516], "rotation": [25, -5, 30], "uv": [150, 363]},
						{"origin": [100.15969, 31.55314, 44.63668], "size": [10, 3, 3], "pivot": [53.80402, 30.22297, 45.56516], "rotation": [25, -5, 30], "uv": [355, 233]},
						{"origin": [96.97112, 31.47038, 49.32621], "size": [11, 3, 3], "pivot": [53.80402, 30.22297, 45.56516], "rotation": [25, -5, 30], "uv": [346, 191]},
						{"origin": [94.73047, 31.56654, 37.48213], "size": [8, 3, 2], "pivot": [53.80402, 30.22297, 45.56516], "rotation": [25, -5, 30], "uv": [25, 150]},
						{"origin": [92.46401, 30.4894, 39.09995], "size": [9, 4, 11], "pivot": [53.80402, 30.22297, 45.56516], "rotation": [25, -5, 30], "uv": [382, 43]}
					]
				},
				{
					"name": "wing1",
					"parent": "entity",
					"pivot": [-16, 37, 42],
					"rotation": [0, 35, -15],
					"cubes": [
						{"origin": [-26, 31.37065, 35.83527], "size": [11, 10, 11], "pivot": [-16, 37, 41], "rotation": [5, 0, 0], "uv": [0, 159]},
						{"origin": [-50, 35.37065, 44.83527], "size": [29, 2, 33], "pivot": [-16, 37, 41], "rotation": [5, 0, 0], "uv": [194, 92]},
						{"origin": [-49, 32.37065, 37.83527], "size": [23, 8, 7], "pivot": [-16, 37, 41], "rotation": [5, 0, 0], "uv": [365, 109]}
					]
				},
				{
					"name": "wing6",
					"parent": "wing1",
					"pivot": [-47.75802, 37.46807, 41.11437],
					"rotation": [-70, -30, -90],
					"cubes": [
						{"origin": [-78.86708, 37.84905, 39.51078], "size": [33, 11, 2], "pivot": [-49.2071, 37.58262, 42.97598], "rotation": [25, 5, -30], "uv": [348, 30]},
						{"origin": [-96.86708, 33.84905, 37.51078], "size": [50, 8, 7], "pivot": [-49.2071, 37.58262, 42.97598], "rotation": [25, 5, -30], "uv": [108, 0]},
						{"origin": [-114.60609, 27.60412, 40.63721], "size": [47, 8, 2], "pivot": [-75.71256, 40.72088, 39.70923], "rotation": [180, -20, 115], "uv": [246, 158]},
						{"origin": [-114.52308, 20.62971, 41.00325], "size": [32, 7, 2], "pivot": [-75.71256, 40.72088, 39.70923], "rotation": [180, -20, 115], "uv": [364, 343]},
						{"origin": [-111.60609, 35.60412, 38.63721], "size": [64, 8, 7], "pivot": [-75.71256, 40.72088, 39.70923], "rotation": [180, -20, 115], "uv": [194, 127]}
					]
				},
				{
					"name": "wing7",
					"parent": "wing6",
					"pivot": [-70.75412, 83.5143, 25.81518],
					"rotation": [0, 0, 45],
					"cubes": [
						{"origin": [-118.08722, 57.52676, 23.2468], "size": [49, 6, 2], "pivot": [-70.75412, 83.5143, 25.81518], "rotation": [180, -10, 105], "uv": [109, 92]},
						{"origin": [-103.9749, 48.41076, 23.93991], "size": [31, 9, 2], "pivot": [-70.75412, 83.5143, 25.81518], "rotation": [180, -10, 105], "uv": [364, 332]},
						{"origin": [-132.05878, 63.29178, 23.21839], "size": [63, 7, 6], "pivot": [-70.75412, 83.5143, 25.81518], "rotation": [180, -10, 105], "uv": [206, 50]}
					]
				},
				{
					"name": "wing8",
					"parent": "wing6",
					"pivot": [-78.75412, 39.5143, 47.81518],
					"rotation": [10, -10, 40],
					"cubes": [
						{"origin": [-118.8848, 29.02529, 17.76175], "size": [40, 11, 2], "pivot": [-104.20996, 76.28385, 25.81518], "rotation": [180, -10, 105], "uv": [66, 135]},
						{"origin": [-125.8848, 32.02529, 16.76175], "size": [63, 4, 4], "pivot": [-104.20996, 76.28385, 25.81518], "rotation": [180, -10, 105], "uv": [194, 142]}
					]
				},
				{
					"name": "winglaser1",
					"parent": "wing8",
					"pivot": [-19.49188, 87.91561, 23.45786],
					"cubes": [
						{"origin": [-48.71505, 28.54238, 20.60445], "size": [16, 3, 2], "pivot": [-19.49188, 87.91561, 23.45786], "rotation": [180, 10, -105], "uv": [86, 290]},
						{"origin": [-44.76834, 31.15333, 20.51695], "size": [3, 8, 2], "pivot": [-19.49188, 87.91561, 23.45786], "rotation": [180, 10, -105], "uv": [0, 31]},
						{"origin": [-43.97355, 39.76378, 19.34024], "size": [40, 3, 2], "pivot": [-19.49188, 87.91561, 23.45786], "rotation": [180, 10, -105], "uv": [108, 15]}
					]
				},
				{
					"name": "wing9",
					"parent": "wing6",
					"pivot": [-49.72159, 29.77796, 40.84247],
					"rotation": [-20, 110, 25],
					"cubes": [
						{"origin": [-76.963, 35.67382, 16.59864], "size": [36, 18, 2], "pivot": [-82.28816, 80.93238, 22.65207], "rotation": [180, -10, 105], "uv": [332, 197]},
						{"origin": [-84.84593, 34.70403, 15.34386], "size": [44, 4, 4], "pivot": [-82.28816, 80.93238, 22.65207], "rotation": [180, -10, 105], "uv": [246, 168]}
					]
				},
				{
					"name": "hand2",
					"parent": "wing6",
					"pivot": [-93.35495, 10.10842, 46.70354],
					"rotation": [0, 25, -25],
					"cubes": [
						{"origin": [-110.31085, 30.90798, 39.55227], "size": [9, 3, 3], "pivot": [-53.80402, 30.22297, 45.56516], "rotation": [25, 5, -30], "uv": [356, 283]},
						{"origin": [-110.15969, 31.55314, 44.63668], "size": [10, 3, 3], "pivot": [-53.80402, 30.22297, 45.56516], "rotation": [25, 5, -30], "uv": [305, 267]},
						{"origin": [-107.97112, 31.47038, 49.32621], "size": [11, 3, 3], "pivot": [-53.80402, 30.22297, 45.56516], "rotation": [25, 5, -30], "uv": [340, 304]},
						{"origin": [-102.73047, 31.56654, 37.48213], "size": [8, 3, 2], "pivot": [-53.80402, 30.22297, 45.56516], "rotation": [25, 5, -30], "uv": [0, 150]},
						{"origin": [-101.46401, 30.4894, 39.09995], "size": [9, 4, 11], "pivot": [-53.80402, 30.22297, 45.56516], "rotation": [25, 5, -30], "uv": [78, 382]}
					]
				},
				{
					"name": "neck",
					"parent": "entity",
					"pivot": [0, 31, 27],
					"rotation": [15, 0, 0],
					"cubes": [
						{"origin": [-4, 45.66434, 2.80793], "size": [8, 4, 25], "pivot": [0, 36, 42], "rotation": [15, 0, 0], "uv": [324, 117]},
						{"origin": [-8, 29.66434, 2.80793], "size": [16, 16, 24], "pivot": [0, 36, 42], "rotation": [15, 0, 0], "uv": [285, 63], "mirror": true},
						{"origin": [-2, 37.32764, 13.13751], "size": [4, 6, 5], "pivot": [0, 34, 42], "rotation": [-10, 0, 0], "uv": [228, 273]},
						{"origin": [-1, 43.41013, 15.08043], "size": [2, 6, 3], "pivot": [0, 34, 42], "rotation": [-10, 0, 0], "uv": [0, 69]},
						{"origin": [-1, 17.25444, 3.86871], "size": [2, 9, 3], "pivot": [0, 34, 42], "rotation": [-30, 0, 0], "uv": [327, 361]},
						{"origin": [19.40627, 22.18182, 47.19901], "size": [2, 9, 3], "pivot": [0, -34, 42], "rotation": [35, 25, 0], "uv": [0, 344]},
						{"origin": [-21.40627, 22.18182, 47.19901], "size": [2, 9, 3], "pivot": [0, -34, 42], "rotation": [35, -25, 0], "uv": [267, 343]},
						{"origin": [-9, 28.12303, 9.69352], "size": [18, 3, 3], "pivot": [0, 26, 2], "rotation": [15, 0, 0], "uv": [213, 267]},
						{"origin": [-9, 28.42839, 20.86969], "size": [18, 3, 3], "pivot": [0, 26, 2], "rotation": [15, 0, 0], "uv": [255, 81]}
					]
				},
				{
					"name": "neck2",
					"parent": "neck",
					"pivot": [0, 27, 7],
					"rotation": [-15, 0, 0],
					"cubes": [
						{"origin": [-3, 40.69842, -17.45089], "size": [6, 2, 22], "pivot": [0, 32, 22], "rotation": [15, 0, 0], "uv": [360, 233]},
						{"origin": [25.74554, 29.97937, 36.06295], "size": [2, 9, 3], "pivot": [0, -34, 42], "rotation": [35, 25, 0], "uv": [68, 314]},
						{"origin": [-27.74554, 29.97937, 36.06295], "size": [2, 9, 3], "pivot": [0, -34, 42], "rotation": [35, -25, 0], "uv": [54, 314]},
						{"origin": [-1, 4.55828, -6.12167], "size": [2, 9, 3], "pivot": [0, 34, 42], "rotation": [-30, 0, 0], "uv": [201, 358]},
						{"origin": [-7, 26.66434, -17.19207], "size": [14, 14, 22], "pivot": [0, 32, 22], "rotation": [15, 0, 0], "uv": [290, 309]},
						{"origin": [-8, 27.93071, -12.82467], "size": [16, 3, 3], "pivot": [0, 26, 2], "rotation": [15, 0, 0], "uv": [297, 26]},
						{"origin": [-8, 28.24029, -2.38896], "size": [16, 3, 3], "pivot": [0, 26, 2], "rotation": [15, 0, 0], "uv": [273, 240]}
					]
				},
				{
					"name": "necklaser",
					"parent": "neck2",
					"pivot": [0, 26, 2],
					"cubes": [
						{"origin": [12, 29.24029, -11.38896], "size": [1, 2, 12], "pivot": [0, 26, 2], "rotation": [15, 0, 0], "uv": [54, 314]},
						{"origin": [12, 24.24029, -11.38896], "size": [1, 7, 2], "pivot": [0, 26, 2], "rotation": [15, 0, 0], "uv": [38, 69]},
						{"origin": [12, 24.24029, -20.38896], "size": [1, 2, 11], "pivot": [0, 26, 2], "rotation": [15, 0, 0], "uv": [327, 345]}
					]
				},
				{
					"name": "neck3",
					"parent": "neck2",
					"pivot": [0, 21, -13],
					"rotation": [-15, 0, 0],
					"cubes": [
						{"origin": [-2, 34.69842, -36.45089], "size": [4, 1, 20], "pivot": [0, 26, 2], "rotation": [15, 0, 0], "uv": [359, 372]},
						{"origin": [31.05863, 36.63063, 35.30721], "size": [2, 9, 3], "pivot": [0, -34, 42], "rotation": [45, 25, 0], "uv": [128, 197]},
						{"origin": [-33.05863, 36.63063, 35.30721], "size": [2, 9, 3], "pivot": [0, -34, 42], "rotation": [45, -25, 0], "uv": [194, 100]},
						{"origin": [-1, -8.66724, -17.21606], "size": [2, 9, 3], "pivot": [0, 34, 42], "rotation": [-30, 0, 0], "uv": [48, 344]},
						{"origin": [-7, 27.66815, -33.27922], "size": [14, 3, 3], "pivot": [0, 26, 2], "rotation": [15, 0, 0], "uv": [252, 337]},
						{"origin": [-7, 27.87994, -24.22631], "size": [14, 3, 3], "pivot": [0, 26, 2], "rotation": [15, 0, 0], "uv": [252, 331]},
						{"origin": [-6, 21.66434, -37.19207], "size": [12, 13, 22], "pivot": [0, 26, 2], "rotation": [15, 0, 0], "uv": [310, 269]}
					]
				},
				{
					"name": "necklaser1",
					"parent": "neck3",
					"pivot": [0, 26, 2],
					"cubes": [
						{"origin": [-10, 27.87994, -35.22631], "size": [1, 2, 16], "pivot": [0, 26, 2], "rotation": [15, 0, 0], "uv": [387, 361]},
						{"origin": [-10, 23.87994, -21.22631], "size": [1, 6, 2], "pivot": [0, 26, 2], "rotation": [15, 0, 0], "uv": [38, 97]},
						{"origin": [-10, 23.87994, -21.22631], "size": [1, 2, 18], "pivot": [0, 26, 2], "rotation": [15, 0, 0], "uv": [40, 374]}
					]
				},
				{
					"name": "head",
					"parent": "neck3",
					"pivot": [0, 17.35339, -36.68096],
					"locators": {
						"lead": [0, 0, 0]
					}
				},
				{
					"name": "upperjaw",
					"parent": "head",
					"pivot": [-2, 20.20034, -37.27999],
					"rotation": [-15, 0, 0],
					"cubes": [
						{"origin": [-9, 21.52348, -55.09225], "size": [18, 8, 19], "pivot": [0, 23.85914, -18.90019], "rotation": [15, 0, 0], "uv": [305, 240]},
						{"origin": [3, 16.99436, -49.89108], "size": [7, 6, 14], "pivot": [0, 20.79296, -47.80691], "rotation": [30, 0, 0], "uv": [287, 378]},
						{"origin": [5, 15.35404, -39.19722], "size": [4, 3, 12], "pivot": [0, 20.79296, -47.80691], "rotation": [50, 0, 0], "uv": [128, 197]},
						{"origin": [5, 9.62218, -31.69755], "size": [3, 2, 9], "pivot": [0, 20.79296, -47.80691], "rotation": [70, 0, 0], "uv": [368, 393]},
						{"origin": [-8, 9.62218, -31.69755], "size": [3, 2, 9], "pivot": [0, 20.79296, -47.80691], "rotation": [70, 0, 0], "uv": [369, 98]},
						{"origin": [-9, 15.35404, -39.19722], "size": [4, 3, 12], "pivot": [0, 20.79296, -47.80691], "rotation": [50, 0, 0], "uv": [194, 100]},
						{"origin": [-10, 16.99436, -49.89108], "size": [7, 6, 14], "pivot": [0, 20.79296, -47.80691], "rotation": [30, 0, 0], "uv": [220, 370]},
						{"origin": [-8, 21.38665, -66.10711], "size": [16, 7, 11], "pivot": [0, 23.85914, -18.90019], "rotation": [15, 0, 0], "uv": [255, 63]},
						{"origin": [-2, 13.42155, -67.75845], "size": [4, 7, 14], "pivot": [0, 19.86764, -58.81344], "rotation": [5, 0, 0], "uv": [128, 176]},
						{"origin": [-1, 16.92181, -65.49156], "size": [2, 14, 3], "pivot": [0, 19.86764, -58.81344], "rotation": [-20, 0, 0], "uv": [0, 206]},
						{"origin": [-1, 23.36066, -70.23591], "size": [2, 8, 2], "pivot": [0, 19.86764, -58.81344], "rotation": [-60, 0, 0], "uv": [30, 69]},
						{"origin": [-2, 18.35739, -64.08237], "size": [4, 5, 4], "pivot": [0, 19.86764, -58.81344], "rotation": [-10, 0, 0], "uv": [294, 294]},
						{"origin": [3, 24.37524, -62.84564], "size": [4, 7, 4], "pivot": [0, 23.85914, -18.90019], "rotation": [15, 0, 0], "uv": [0, 226]},
						{"origin": [-7, 24.37524, -62.84564], "size": [4, 7, 4], "pivot": [0, 23.85914, -18.90019], "rotation": [15, 0, 0], "uv": [148, 197]},
						{"origin": [3, 24.76134, -55.78512], "size": [4, 7, 4], "pivot": [0, 23.85914, -18.90019], "rotation": [15, 0, 0], "uv": [96, 206]},
						{"origin": [-7, 24.76134, -55.78512], "size": [4, 7, 4], "pivot": [0, 23.85914, -18.90019], "rotation": [15, 0, 0], "uv": [31, 0]},
						{"origin": [7, 4.55711, -70.55409], "size": [1, 4, 1], "pivot": [7, 5.79252, -69.53217], "rotation": [15, 0, -10], "uv": [145, 100]},
						{"origin": [9.21436, 4.42532, -73.39649], "size": [1, 4, 1], "pivot": [7, 5.79252, -69.53217], "rotation": [15, 95, 10], "uv": [10, 0]},
						{"origin": [-10.21436, 4.42532, -73.39649], "size": [1, 4, 1], "pivot": [-7, 5.79252, -69.53217], "rotation": [15, -95, -10], "uv": [10, 10]},
						{"origin": [-8, 4.55711, -70.55409], "size": [1, 4, 1], "pivot": [-7, 5.79252, -69.53217], "rotation": [15, 0, 10], "uv": [113, 100]},
						{"origin": [7.12061, 4.19829, -66.57204], "size": [1, 4, 1], "pivot": [7, 5.79252, -69.53217], "rotation": [15, 0, -10], "uv": [42, 135]},
						{"origin": [-8.12061, 4.19829, -66.57204], "size": [1, 4, 1], "pivot": [-7, 5.79252, -69.53217], "rotation": [15, 0, 10], "uv": [109, 100]},
						{"origin": [8.39705, 4.65349, -62.55166], "size": [1, 4, 1], "pivot": [7, 5.79252, -69.53217], "rotation": [15, 0, -10], "uv": [38, 135]},
						{"origin": [-9.39705, 4.65349, -62.55166], "size": [1, 4, 1], "pivot": [-7, 5.79252, -69.53217], "rotation": [15, 0, 10], "uv": [108, 0]},
						{"origin": [8.51766, 4.29467, -58.56961], "size": [1, 4, 1], "pivot": [7, 5.79252, -69.53217], "rotation": [15, 0, -10], "uv": [25, 135]},
						{"origin": [-9.51766, 4.29467, -58.56961], "size": [1, 4, 1], "pivot": [-7, 5.79252, -69.53217], "rotation": [15, 0, 10], "uv": [40, 88]},
						{"origin": [8.83944, 4.8279, -53.50877], "size": [1, 4, 1], "pivot": [7, 5.79252, -69.53217], "rotation": [15, 0, -10], "uv": [17, 135]},
						{"origin": [-9.83944, 4.8279, -53.50877], "size": [1, 4, 1], "pivot": [-7, 5.79252, -69.53217], "rotation": [15, 0, 10], "uv": [40, 83]},
						{"origin": [10.11587, 5.28309, -49.48838], "size": [1, 4, 1], "pivot": [7, 5.79252, -69.53217], "rotation": [15, 0, -10], "uv": [13, 135]},
						{"origin": [-11.11587, 5.28309, -49.48838], "size": [1, 4, 1], "pivot": [-7, 5.79252, -69.53217], "rotation": [15, 0, 10], "uv": [40, 78]},
						{"origin": [10.43765, 5.81632, -44.42754], "size": [1, 4, 1], "pivot": [7, 5.79252, -69.53217], "rotation": [15, 0, -10], "uv": [0, 135]},
						{"origin": [-11.43765, 5.81632, -44.42754], "size": [1, 4, 1], "pivot": [-7, 5.79252, -69.53217], "rotation": [15, 0, 10], "uv": [10, 5]},
						{"origin": [-7, 21.34536, -74.06525], "size": [14, 6, 8], "pivot": [0, 23.85914, -18.90019], "rotation": [15, 0, 0], "uv": [109, 100]}
					]
				},
				{
					"name": "lowerjaw",
					"parent": "head",
					"pivot": [0, 13.38265, -38.19622],
					"rotation": [25, 0, 0],
					"cubes": [
						{"origin": [-8, 16.70579, -56.00848], "size": [16, 4, 22], "pivot": [0, 12.04145, -16.81641], "rotation": [15, 0, 0], "uv": [297, 0]},
						{"origin": [-7, 17.63083, -66.09907], "size": [14, 3, 10], "pivot": [0, 12.04145, -16.81641], "rotation": [15, 0, 0], "uv": [0, 31]},
						{"origin": [5, 5.6897, -69.10059], "size": [1, 3, 1], "pivot": [5, 5.26003, -68.52726], "rotation": [15, 0, 10], "uv": [28, 44]},
						{"origin": [-6, 5.6897, -69.10059], "size": [1, 3, 1], "pivot": [-5, 5.26003, -68.52726], "rotation": [15, 0, -10], "uv": [0, 44]},
						{"origin": [5.69318, 6.48036, -64.99032], "size": [1, 3, 1], "pivot": [5, 5.26003, -68.52726], "rotation": [15, 0, 10], "uv": [20, 44]},
						{"origin": [-6.69318, 6.48036, -64.99032], "size": [1, 3, 1], "pivot": [-5, 5.26003, -68.52726], "rotation": [15, 0, -10], "uv": [43, 11]},
						{"origin": [5.57257, 6.12154, -61.00827], "size": [1, 3, 1], "pivot": [5, 5.26003, -68.52726], "rotation": [15, 0, 10], "uv": [16, 44]},
						{"origin": [-6.57257, 6.12154, -61.00827], "size": [1, 3, 1], "pivot": [-5, 5.26003, -68.52726], "rotation": [15, 0, -10], "uv": [43, 0]},
						{"origin": [6.2356, 6.8225, -55.90248], "size": [1, 3, 1], "pivot": [5, 5.26003, -68.52726], "rotation": [15, 0, 10], "uv": [12, 44]},
						{"origin": [-7.2356, 6.8225, -55.90248], "size": [1, 3, 1], "pivot": [-5, 5.26003, -68.52726], "rotation": [15, 0, -10], "uv": [39, 11]},
						{"origin": [6.86847, 7.43375, -49.80118], "size": [1, 3, 1], "pivot": [5, 5.26003, -68.52726], "rotation": [15, 0, 10], "uv": [8, 44]},
						{"origin": [-7.86847, 7.43375, -49.80118], "size": [1, 3, 1], "pivot": [-5, 5.26003, -68.52726], "rotation": [15, 0, -10], "uv": [35, 11]},
						{"origin": [6.68755, 6.89552, -43.82811], "size": [1, 3, 1], "pivot": [5, 5.26003, -68.52726], "rotation": [15, 0, 10], "uv": [4, 44]},
						{"origin": [-7.68755, 6.89552, -43.82811], "size": [1, 3, 1], "pivot": [-5, 5.26003, -68.52726], "rotation": [15, 0, -10], "uv": [31, 11]},
						{"origin": [2, 28.25668, -68.7303], "size": [1, 3, 1], "pivot": [0, 12.04145, -16.81641], "rotation": [25, 0, 0], "uv": [24, 44]},
						{"origin": [-3, 28.25668, -68.7303], "size": [1, 3, 1], "pivot": [0, 12.04145, -16.81641], "rotation": [25, 0, 0], "uv": [31, 0]},
						{"origin": [-6, 18.30452, -70.09375], "size": [12, 2, 4], "pivot": [0, 12.04145, -16.81641], "rotation": [15, 0, 0], "uv": [194, 115]},
						{"origin": [-8, 20.70579, -39.00848], "size": [16, 1, 5], "pivot": [0, 12.04145, -16.81641], "rotation": [15, 0, 0], "uv": [206, 63]},
						{"origin": [5, 40.25389, -60.83533], "size": [4, 5, 4], "pivot": [0, 19.86764, -58.81344], "rotation": [-110, 0, 0], "uv": [294, 294]},
						{"origin": [5, 36.8508, -57.01266], "size": [4, 4, 3], "pivot": [0, 19.86764, -58.81344], "rotation": [-110, 0, 0], "uv": [269, 301]},
						{"origin": [-9, 36.8508, -57.01266], "size": [4, 4, 3], "pivot": [0, 19.86764, -58.81344], "rotation": [-110, 0, 0], "uv": [269, 301], "mirror": true},
						{"origin": [-9, 40.25389, -60.83533], "size": [4, 5, 4], "pivot": [0, 19.86764, -58.81344], "rotation": [-110, 0, 0], "uv": [294, 294], "mirror": true},
						{"origin": [-8, 17.00576, -36.58964], "size": [2, 2, 9], "pivot": [0, 20.79296, -47.80691], "rotation": [-25, 0, 0], "uv": [369, 98]},
						{"origin": [-8, 12.81388, -38.64281], "size": [2, 2, 7], "pivot": [0, 20.79296, -47.80691], "rotation": [-25, 0, 0], "uv": [385, 128]},
						{"origin": [6, 12.81388, -38.64281], "size": [2, 2, 7], "pivot": [0, 20.79296, -47.80691], "rotation": [-25, 0, 0], "uv": [385, 128], "mirror": true},
						{"origin": [6, 17.00576, -36.58964], "size": [2, 2, 9], "pivot": [0, 20.79296, -47.80691], "rotation": [-25, 0, 0], "uv": [369, 98], "mirror": true}
					]
				},
				{
					"name": "laser",
					"parent": "head",
					"pivot": [0, 14.31691, -44.14955],
					"rotation": [20, 0, 0],
					"cubes": [
						{"origin": [-10, 7.31691, -56.14955], "size": [20, 16, 14], "uv": [0, 314]}
					]
				},
				{
					"name": "laser2",
					"parent": "laser",
					"pivot": [0, 14.31691, -44.14955],
					"cubes": [
						{"origin": [-2, 13.44993, -719.10008], "size": [4, 4, 663], "uv": [0, 0]}
					]
				}
			]
		}
	]
}