{
	"format_version": "1.16.200",
	"minecraft:entity": {
		"description": {
			"identifier": "space:drill",
			"is_spawnable": true,
			"is_summonable": true,
			"is_experimental": false
		},
		"components": {
			"minecraft:collision_box": {
				"width": 0.8,
				"height": 1.2
			},
			"minecraft:push_through": {
				"value": 1
			},
			"minecraft:knockback_resistance": {
				"value": 1
			},
			"minecraft:health": {
				"value": 10,
				"max": 10
			},
			"minecraft:fall_damage": {
				"value": 0
			},
			"minecraft:behavior.float": {
				"priority": 0
			},
			"minecraft:loot": {
				"table": "loot_tables/entities/drill.json"
			},
			"minecraft:physics": {},
			"minecraft:timer": {
				"looping": true,
				"time": [
					2,
					3
				],
				"time_down_event": {
					"event": "space:drillmine"
				}
			}
		},
		"events": {
			"space:drillmine": {
				"run_command": {
				    "command": [
						"fill ~ ~-1 ~ ~ ~-1 ~ air 0 replace stone",
						"fill ~ ~-1 ~ ~ ~-1 ~ air 0 replace space:moon_middle",
						"fill ~ ~-1 ~ ~ ~-1 ~ air 0 replace space:mars_middle",
						"fill ~ ~-1 ~ ~ ~-1 ~ air 0 replace space:venus_middle",
						"fill ~ ~-1 ~ ~ ~-1 ~ air 0 replace space:mercury_middle",
						"fill ~ ~-1 ~ ~ ~-1 ~ air 0 replace space:mercury_dirt",
						"fill ~ ~-1 ~ ~ ~-1 ~ air 0 replace space:venus_dirt",
						"fill ~ ~-1 ~ ~ ~-1 ~ air 0 replace space:mars_dirt",
						"fill ~ ~-1 ~ ~ ~-1 ~ air 0 replace space:moon_dirt"
				        ]
				}
			}
		}
	}
}