{
  "format_version": "1.8.0",
  "minecraft:entity": {
    "description": {
      "identifier": "space:flamer",
      "is_spawnable": true,
      "is_summonable": true,
      "is_experimental": false,
	  "scripts": {
	    "animate": [ "walk" ]
	  },
	  "animations": {
	    "walk": "controller.animation.flamer"
	  }
    },
    "components": {
      "minecraft:type_family": {
        "family": [ "inanimate" ]
      },
      "minecraft:collision_box": {
        "width": 0,
        "height": 0
      },
      "minecraft:movement.basic": {
      },
      "minecraft:jump.static": {
      },
      "minecraft:can_climb": {
      }
    }
  }
}