{
  "format_version": "1.8.0",
  "minecraft:entity": {
	"description": {
      "identifier": "space:meteor_item",
      "is_spawnable": false,
      "is_summonable": true,
      "is_experimental": false
    },
	
    "components": {
	  "minecraft:despawn": {
	    "filters": {
		  "all_of": [
		    { "test": "is_family", "subject": "self", "value": "despawncito" }
		  ]
		}
	  },
      "minecraft:type_family": {
        "family": [ "inanimate" ]
      },
      "minecraft:collision_box": {
        "width": 1.0,
        "height": 1.0
      },
	  "minecraft:push_through": {
	    "value": 1
	  },
      "minecraft:knockback_resistance": {
        "value": 1.0
      },
	  "minecraft:health": {
	    "value": 80,
		"max": 80
	  },
      "minecraft:fall_damage": {
        "value": 0.0
      },
      "minecraft:behavior.float": {
        "priority": 0
      },
	  "minecraft:physics": {
      },
      "minecraft:loot": {
        "table": "loot_tables/entities/meteor_item.json"	  
	  }
    },
	
	"events": {
	  "minecraft:event_despawn": {
	    "add": { "component_groups": [ "minecraft:despawn" ] }
	  }
	}
  }
}