{
	"format_version": "1.12.0",
	"minecraft:geometry": [
		{
			"description": {
				"identifier": "geometry.anvil",
				"texture_width": 128,
				"texture_height": 128,
				"visible_bounds_width": 2,
				"visible_bounds_height": 2.5,
				"visible_bounds_offset": [0, 0.75, 0]
			},
			"bones": [
				{
					"name": "Hammer",
					"pivot": [0, 20.5, 3.5],
					"cubes": [
						{"origin": [-3, 18, -2], "size": [3, 2, 5], "pivot": [-4, 18.5, 0.5], "rotation": [0, -60, 0], "uv": [44, 19]},
						{"origin": [-10, 18, 0], "size": [7, 1, 1], "pivot": [-4, 18.5, 0.5], "rotation": [0, -60, 0], "uv": [32, 36]}
					]
				},
				{
					"name": "Anvil",
					"pivot": [0, 9.5, 0],
					"cubes": [
						{"origin": [-8, 12, -6], "size": [16, 6, 12], "uv": [0, 0]},
						{"origin": [-4, 6, -3], "size": [8, 5, 6], "uv": [44, 0]},
						{"origin": [-5, 11, -4], "size": [10, 1, 8], "uv": [32, 38]},
						{"origin": [-6, 4, -4], "size": [12, 2, 8], "uv": [0, 36]},
						{"origin": [-8, 0, -6], "size": [16, 4, 12], "uv": [0, 19]}
					]
				}
			]
		}
	]
}