{
	"format_version": "1.12.0",
	"minecraft:geometry": [
		{
			"description": {
				"identifier": "geometry.nasa_crafting_table",
				"texture_width": 64,
				"texture_height": 64,
				"visible_bounds_width": 2,
				"visible_bounds_height": 3.5,
				"visible_bounds_offset": [0, 1.25, 0]
			},
			"bones": [
				{
					"name": "Main",
					"pivot": [0, 0, 0],
					"cubes": [
						{"origin": [-8, 0, -8], "size": [16, 16, 16], "uv": [0, 0]}
					]
				},
				{
					"name": "Rocket",
					"pivot": [2, 16, 4],
					"cubes": [
						{"origin": [3.5, 24, 3.5], "size": [2, 1, 2], "uv": [7, 32]},
						{"origin": [4, 25, 4], "size": [1, 1, 1], "uv": [9, 0]},
						{"origin": [3, 17, 3], "size": [3, 7, 3], "uv": [0, 0]}
					]
				},
				{
					"name": "Rocket_fin",
					"parent": "Rocket",
					"pivot": [2, 16, 4],
					"cubes": [
						{"origin": [4, 17, 7], "size": [1, 1, 1], "uv": [21, 32]},
						{"origin": [4, 18, 6], "size": [1, 1, 1], "uv": [25, 32]},
						{"origin": [1, 17, 4], "size": [1, 1, 1], "uv": [12, 3]},
						{"origin": [2, 18, 4], "size": [1, 1, 1], "uv": [12, 1]},
						{"origin": [4, 17, 1], "size": [1, 1, 1], "uv": [32, 33]},
						{"origin": [6, 18, 4], "size": [1, 1, 1], "uv": [12, 7]},
						{"origin": [7, 17, 4], "size": [1, 1, 1], "uv": [0, 32]},
						{"origin": [4, 18, 2], "size": [1, 1, 1], "uv": [29, 32]},
						{"origin": [4, 16, 1], "size": [1, 1, 1], "uv": [0, 34]},
						{"origin": [7, 16, 4], "size": [1, 1, 1], "uv": [13, 32]},
						{"origin": [4, 16, 7], "size": [1, 1, 1], "uv": [17, 32]},
						{"origin": [1, 16, 4], "size": [1, 1, 1], "uv": [12, 5]}
					]
				},
				{
					"name": "Tool",
					"pivot": [0, 0, 0],
					"cubes": [
						{"origin": [-7, 16, -4.6], "size": [1, 1, 5.4], "pivot": [-6, 16, 0], "rotation": [0, -45, 0], "uv": [0, 32]},
						{"origin": [-5, 16, -6], "size": [5, 2, 3], "pivot": [-2, 16, -4], "rotation": [0, -45, 0], "uv": [0, 10]}
					]
				}
			]
		}
	]
}