{
	"format_version": "1.12.0",
	"minecraft:geometry": [
		{
			"description": {
				"identifier": "geometry.rocket",
				"texture_width": 256,
				"texture_height": 256,
				"visible_bounds_width": 4,
				"visible_bounds_height": 10,
				"visible_bounds_offset": [0, 2, 0]
			},
			"bones": [
				{
					"name": "Wing1",
					"pivot": [0, 6.875, -0.5],
					"rotation": [0, 90, 0],
					"cubes": [
						{"origin": [10, 5, -2], "size": [3, 14, 3], "uv": [52, 135]},
						{"origin": [13, 2, -2], "size": [3, 14, 3], "uv": [82, 133]},
						{"origin": [19, 0, -2], "size": [3, 8, 3], "uv": [0, 61]},
						{"origin": [16, 0, -2], "size": [3, 12, 3], "uv": [0, 137]}
					]
				},
				{
					"name": "Wing2",
					"pivot": [17, 6.875, -0.5],
					"cubes": [
						{"origin": [11, 5, -2], "size": [3, 14, 3], "uv": [132, 12]},
						{"origin": [14, 2, -2], "size": [3, 14, 3], "uv": [40, 129]},
						{"origin": [17, 0, -2], "size": [3, 12, 3], "uv": [64, 135]},
						{"origin": [20, 0, -2], "size": [3, 8, 3], "uv": [59, 30]}
					]
				},
				{
					"name": "Wing3",
					"pivot": [0, 6.875, 17.5],
					"rotation": [0, -90, 0],
					"cubes": [
						{"origin": [-7, 5, 16], "size": [3, 14, 3], "uv": [127, 103]},
						{"origin": [-4, 2, 16], "size": [3, 14, 3], "uv": [28, 127]},
						{"origin": [2, 0, 16], "size": [3, 8, 3], "uv": [36, 15]},
						{"origin": [-1, 0, 16], "size": [3, 12, 3], "uv": [132, 70]}
					]
				},
				{
					"name": "Wing4",
					"pivot": [-17, 6.875, -0.5],
					"rotation": [0, 180, 0],
					"cubes": [
						{"origin": [-23, 5, -2], "size": [3, 14, 3], "uv": [108, 103]},
						{"origin": [-20, 2, -2], "size": [3, 14, 3], "uv": [36, 30]},
						{"origin": [-14, 0, -2], "size": [3, 8, 3], "uv": [0, 0]},
						{"origin": [-17, 0, -2], "size": [3, 12, 3], "uv": [57, 112]}
					]
				},
				{
					"name": "Body",
					"pivot": [0, 0, 0],
					"cubes": [
						{"origin": [6, 13, -7], "size": [5, 48, 13], "uv": [72, 72]},
						{"origin": [-11, 13, -7], "size": [5, 48, 13], "uv": [0, 61]},
						{"origin": [-2, 13, -14.5], "size": [5, 48, 13], "pivot": [0.5, 35.5, -8.5], "rotation": [0, -90, 0], "uv": [36, 36]},
						{"origin": [-2, 13, 2.5], "size": [5, 48, 13], "pivot": [0.5, 35.5, 8.5], "rotation": [0, -90, 0], "uv": [0, 0]}
					]
				},
				{
					"name": "Top",
					"parent": "Body",
					"pivot": [0, 64, 8.5],
					"cubes": [
						{"origin": [6, 61, -7], "size": [4, 2, 13], "pivot": [8, 62, -0.5], "rotation": [0, 180, 0], "uv": [101, 58]},
						{"origin": [7, 63, -7], "size": [3, 2, 13], "pivot": [8, 64, -0.5], "rotation": [0, 180, 0], "uv": [108, 73]},
						{"origin": [8, 65, -7], "size": [2, 2, 13], "pivot": [8, 66, -0.5], "rotation": [0, 180, 0], "uv": [115, 17]},
						{"origin": [9, 67, -7], "size": [1, 2, 13], "pivot": [8, 68, -0.5], "rotation": [0, 180, 0], "uv": [123, 123]},
						{"origin": [-0.5, 63, -15], "size": [3, 2, 13], "pivot": [0, 64, -8.5], "rotation": [0, -90, 0], "uv": [108, 108]},
						{"origin": [0.5, 65, -15], "size": [2, 2, 13], "pivot": [0, 66, -8.5], "rotation": [0, -90, 0], "uv": [40, 114]},
						{"origin": [1.5, 67, -15], "size": [1, 2, 13], "pivot": [0, 68, -8.5], "rotation": [0, -90, 0], "uv": [95, 123]},
						{"origin": [2.5, 69, -15], "size": [12, 2, 13], "pivot": [0, 70, -8.5], "rotation": [0, -90, 0], "uv": [59, 30]},
						{"origin": [-6, 12, -6.5], "size": [12, 2, 13], "pivot": [0, 13, 0], "rotation": [0, -90, 0], "uv": [36, 15]},
						{"origin": [-6, 4, -6.5], "size": [12, 2, 13], "pivot": [0, 3.25, 0], "rotation": [180, -90, 0], "uv": [36, 0]},
						{"origin": [-5, 11, -5.5], "size": [10, 2, 11], "pivot": [0, 12, 0], "rotation": [0, -90, 0], "uv": [72, 58]},
						{"origin": [-5, 4, -5.5], "size": [10, 2, 11], "pivot": [0, 4.25, 0], "rotation": [180, -90, 0], "uv": [72, 45]},
						{"origin": [-4, 10, -4.5], "size": [8, 1, 9], "pivot": [0, 11, 0], "rotation": [0, -90, 0], "uv": [122, 32]},
						{"origin": [-4, 3, -4.5], "size": [8, 1, 9], "pivot": [0, 4.25, 0], "rotation": [180, -90, 0], "uv": [121, 0]},
						{"origin": [-3, 9, -3.5], "size": [6, 1, 7], "pivot": [0, 10, 0], "rotation": [0, -90, 0], "uv": [122, 58]},
						{"origin": [-3, 2, -3.5], "size": [6, 1, 7], "pivot": [0, 4.25, 0], "rotation": [180, -90, 0], "uv": [95, 73]},
						{"origin": [-2, 6, -2.5], "size": [4, 3, 5], "pivot": [0, 9, 0], "rotation": [0, -90, 0], "uv": [96, 30]},
						{"origin": [3.5, 71, -14], "size": [10, 2, 11], "pivot": [0, 72, -8.5], "rotation": [0, -90, 0], "uv": [73, 0]},
						{"origin": [4.5, 73, -13], "size": [8, 2, 9], "pivot": [0, 74, -8.5], "rotation": [0, -90, 0], "uv": [114, 47]},
						{"origin": [5.5, 75, -12], "size": [6, 2, 7], "pivot": [0, 76, -8.5], "rotation": [0, -90, 0], "uv": [23, 0]},
						{"origin": [6.5, 77, -11], "size": [4, 2, 5], "pivot": [0, 78, -8.5], "rotation": [0, -90, 0], "uv": [103, 47]},
						{"origin": [7.5, 79, -10], "size": [2, 2, 3], "pivot": [0, 80, -8.5], "rotation": [0, -90, 0], "uv": [48, 30]},
						{"origin": [6.5, 81, -10.3], "size": [1.5, 10, 1.5], "pivot": [-1, 81, -8.5], "rotation": [0, -90, 0], "uv": [23, 61]},
						{"origin": [6.5, 91, -10.3], "size": [1.5, 2, 1.5], "inflate": 0.2, "pivot": [-1, 91, -8.5], "rotation": [0, -90, 0], "uv": [9, 0]},
						{"origin": [-1.5, 61, -15], "size": [4, 2, 13], "pivot": [0, 62, -8.5], "rotation": [0, -90, 0], "uv": [36, 97]},
						{"origin": [-12, 61, -7], "size": [4, 2, 13], "pivot": [-9, 62, -0.5], "rotation": [0, 180, 0], "uv": [94, 15]},
						{"origin": [-12, 63, -7], "size": [3, 2, 13], "pivot": [-9, 64, -0.5], "rotation": [0, 180, 0], "uv": [103, 32]},
						{"origin": [-12, 65, -7], "size": [2, 2, 13], "pivot": [-9, 66, -0.5], "rotation": [0, 180, 0], "uv": [23, 112]},
						{"origin": [-12, 67, -7], "size": [1, 2, 13], "pivot": [-9, 68, -0.5], "rotation": [0, 180, 0], "uv": [0, 122]},
						{"origin": [-2.5, 61, 2], "size": [4, 2, 13], "pivot": [0, 62, 8.5], "rotation": [0, -90, 0], "uv": [73, 13]},
						{"origin": [-2.5, 63, 2], "size": [3, 2, 13], "pivot": [0, 64, 8.5], "rotation": [0, -90, 0], "uv": [102, 0]},
						{"origin": [-2.5, 65, 2], "size": [2, 2, 13], "pivot": [0, 66, 8.5], "rotation": [0, -90, 0], "uv": [108, 88]},
						{"origin": [-2.5, 67, 2], "size": [1, 2, 13], "pivot": [0, 68, 8.5], "rotation": [0, -90, 0], "uv": [57, 120]}
					]
				}
			]
		}
	]
}