{
  "format_version": "1.13.0",
  "minecraft:entity": {
    "description": {
      "identifier": "test:pl_weaver",
      "is_spawnable": true,
      "is_summonable": true,
      "is_experimental": false
    },

    "components": {
      "minecraft:experience_reward": {
        "on_death": "query.last_hit_by_player ? 5 + (query.equipment_count * Math.Random(1,3)) : 0"
      },
      "minecraft:nameable": {
      },
      "minecraft:breathable": {
        "total_supply": 15,
        "suffocate_time": 0,
        "breathes_water": true
      },
      "minecraft:health": {
        "value": 1000,
        "max": 1000
      },
      "minecraft:collision_box": {
        "width": 6,
        "height": 8
      },
      "minecraft:knockback_resistance": {
        "value": 1.0
      },
      "minecraft:attack": {
        "damage": 37
      },
      "minecraft:loot": {
        "table": "loot_tables/entities/weaver.json"
      },
      "minecraft:movement": {
        "value": 0.45
      },
      "minecraft:navigation.walk": {
        "is_amphibious": true
      },
      "minecraft:movement.basic": {
      },
      "minecraft:jump.static": {
      },
      "minecraft:can_climb": {
      },
      "minecraft:scale": {
        "value": 1
      },
      "minecraft:fire_immune": true,
      "minecraft:behavior.hurt_by_target": {
        "priority": 1
      },
      "minecraft:behavior.nearest_attackable_target": {
        "priority": 1,
        "within_radius": 400,
        "must_reach": false,
        "entity_types": [
          {
            "filters": {
              "other_with_families": [
                "arthropod",
                "godzilla",
                "blaze",
                "cavespider",
                "creeper",
                "dragon",
                "player",
                "iron_golem",
                "drowned",
                "elder_guardian",
                "elephant",
                "enderman",
                "endermite",
                "evocation_illager",
                "ghast",
                "husk",
                "illager",
                "magmacube",
                "mob",
                "pillager",
                "ravager",
                "silverfish",
                "undead",
                "wither",
                "zombie"
              ]
            },
            "max_dist": 400,
            "must_see": false,
            "walk_speed_multiplier": 1,
            "minecraft:reselect_targets": true,
            "sprint_speed_multiplier": 1,
            "within_default": 1
          }
        ],
        "must_see": false,
        "speed_multiplier": 1
      },
      "minecraft:behavior.melee_attack": {
        "priority": 4,
        "target_dist": 1.2,
        "speed_multiplier": 1.25,
        "reach_multiplier": 5,
        "track_target": true
      },
      "minecraft:behavior.random_stroll": {
        "priority": 5,
        "speed_multiplier": 1
      },
      "minecraft:behavior.look_at_player": {
        "priority": 6,
        "look_distance": 8
      },
      "minecraft:behavior.random_look_around": {
        "priority": 6
      },
      "minecraft:type_family": {
        "family": [ "weaver", "monster", "vex" ]
      },
      "minecraft:physics": {
      },
      "minecraft:damage_sensor": {
        "triggers": {
          "cause": "fall",
          "deals_damage": false
        }
      },
      "minecraft:boss": {
        "should_darken_sky": false,
        "hud_range": 300,
        "name": "Planetary Weaver"
      },
      "minecraft:pushable": {
        "is_pushable": false,
        "is_pushable_by_piston": true
      }
    },

    "events": {
      "minecraft:entity_spawned": {

      }
    }
  }
}
