{
	"format_version": "1.12.0",
	"minecraft:geometry": [
		{
			"description": {
				"identifier": "geometry.jetpack",
				"texture_width": 64,
				"texture_height": 64,
				"visible_bounds_width": 5,
				"visible_bounds_height": 4,
				"visible_bounds_offset": [0, 1, 0]
			},
			"bones": [
				{
					"name": "body",
					"pivot": [0, 24, 0],
					"cubes": [
						{"origin": [-4, 12, -2], "size": [8, 12, 4], "uv": [0, 0]},
						{"origin": [1, 12, 2], "size": [4, 12, 4], "uv": [16, 16]},
						{"origin": [2, 24, 3], "size": [2, 1, 2], "inflate": 0.5, "uv": [22, 32]},
						{"origin": [2, 11, 3], "size": [2, 1, 2], "inflate": 0.5, "uv": [14, 32]},
						{"origin": [-4, 24, 3], "size": [2, 1, 2], "inflate": 0.5, "uv": [30, 30]},
						{"origin": [-4, 11, 3], "size": [2, 1, 2], "inflate": 0.5, "uv": [28, 15]},
						{"origin": [-4, 25, 3], "size": [2, 1, 2], "inflate": 0.2, "uv": [24, 12]},
						{"origin": [2, 25, 3], "size": [2, 1, 2], "inflate": 0.2, "uv": [20, 0]},
						{"origin": [-1, 14, 1], "size": [2, 8, 4], "uv": [24, 0]},
						{"origin": [-5, 12, 2], "size": [4, 12, 4], "uv": [0, 16]},
						{"origin": [-4.01, 15, -2], "size": [0, 1, 4], "uv": [12, 13]},
						{"origin": [-3.01, 15, -9], "size": [0, 1, 8], "pivot": [-3, 14, -2], "rotation": [0, -90, 0], "uv": [0, 24]},
						{"origin": [4.05, 15, -2], "size": [0, 1, 4], "uv": [12, 12]}
					]
				}
			]
		}
	]
}