{
  "format_version": "1.12",
  "minecraft:recipe_shaped": {
    "description": {
    "identifier": "test:adv_syphon"
    },

    
    "tags": [ "crafting_table" ],
    "pattern": [
      "DRD",
      "DSD",
      "BBB"
    ],
    "key": {
      "C": {
        "item": "test:energy_core"
      },
      "D": {
        "item": "minecraft:diamond_block"
      },
      "R": {
        "item": "minecraft:redstone_block"
      },
      "B": {
        "item": "minecraft:beacon"
      },
      "S": {
        "item": "test:adv_core"
      }
    },
    "result": [
      {
      "item": "minecraft:spawn_egg",
              "count": 1
      }
  ]
  }
}
