{
  "format_version": "1.8.0",
  "minecraft:attachable": {
    "description": {
      "identifier": "ed:rainbow_jetpack_empty",
      "materials": {
        "default": "armor",
        "enchanted": "armor_enchanted"
      },
      "textures": {
        "default": "textures/entity/jetpack/rainbow_jetpack",
        "enchanted": "textures/misc/enchanted_item_glint"
      },
      "geometry": {
        "default": "geometry.jetpack"
      },
      "render_controllers": [ "controller.render.armor" ]
    }
  }
}
