{
  "resource_pack_name": "vanilla",
  "texture_name": "atlas.items",
    "texture_data": {
        "rocket": {
            "textures": "textures/items/rocket"
        },
        "launch_pad": {
            "textures": "textures/items/launch_pad"
        },
        "rocket_item": {
            "textures": "textures/items/rocket_item"
        },
        "steel_plate": {
            "textures": "textures/items/steel_plate"
        },
        "steel_ingot": {
            "textures": "textures/items/steel"
        },
        "hammer": {
            "textures": "textures/items/hammer"
        },
        "molten_steel": {
            "textures": "textures/items/molten_steel"
        },
        "molten_iron": {
            "textures": "textures/items/molten_iron"
        },
        "rocket_engine": {
            "textures": "textures/items/rocket_engine"
        },
        "rocket_top": {
            "textures": "textures/items/rocket_top"
        }
    }
}