{
	"namespace": "debug_screen",
	"access_button@common_buttons.light_content_button": {
		"$pressed_button_name": "button.access",
		"size": [
			20,
			20
		],
		"offset": [
			20,
			20
		],
		"anchor_to": "top_left",
		"anchor_from": "top_left",
		"bindings": [
			{
				"binding_name": "#access_screen_visible",
				"binding_name_override": "#visible"
			}
		]
	},
	"icon_watermark": {
		"type": "image",
		"texture": "textures/ui/pack_icon",
		"anchor_from": "top_right",
		"anchor_to": "top_right",
		"alpha": 1,
		"size": [
			28,
			28
		],
		"offset": [
			-4,
			6
		]
	},
	"text_watermark": {
		"type": "label",
		"text": "§dCosmos [v1.1.0]\n§fBy Frederox",
		"color": [
			1,
			1,
			1
		],
		"shadow": true,
		"font_size": "medium",
		"anchor_from": "top_right",
		"anchor_to": "top_right",
		"alpha": 1,
		"text_alignment": "right",
		"offset": [
			-36,
			7.5
		]
	},
	"special_render": {
		"type": "custom",
		"renderer": "debug_screen_renderer"
	},
	"content_panel": {
		"type": "panel",
		"clips_children": false,
		"size": [
			"100%",
			"100%"
		],
		"controls": [
			{
				"access_button@debug_screen.access_button": {}
			},
			{
				"special_render@debug_screen.special_render": {}
			},
			{
				"text@debug_screen.text_watermark": {}
			},
			{
				"icon@debug_screen.icon_watermark": {}
			}
		]
	},
	"debug_screen@common.base_screen": {
		"send_telemetry": false,
		"screen_not_flushable": true,
		"render_game_behind": false,
		"is_showing_menu": false,
		"low_frequency_rendering": true,
		"is_modal": true,
		"should_steal_mouse": false,
		"render_only_when_topmost": false,
		"screen_draws_last": true,
		"always_accepts_input": true,
		"$screen_content": "debug_screen.content_panel",
		"$screen_animations": {},
		"$use_loading_bars": false
	}
}