{
  "resource_pack_name": "Addon Maker Resource",
  "texture_name": "atlas.items",
  "texture_data": {
    "egg_camel": {
      "textures": "textures/items/egg_camel"
    },
    "egg_lion": {
      "textures": "textures/items/egg_lion"
    },
    "egg_penguin": {
      "textures": "textures/items/egg_penguin"
    },
    "egg_tiger": {
      "textures": "textures/items/egg_tiger"
    },
    "egg_elephant": {
      "textures": "textures/items/egg_elephant"
    },
    "egg_deer": {
      "textures": "textures/items/egg_deer"
    },
    "egg_panther": {
      "textures": "textures/items/egg_panther"
    },
    "egg_frog": {
      "textures": "textures/items/egg_frog"
    },
    "egg_crocodile": {
      "textures": "textures/items/egg_crocodile"
    },
    "egg_mouse": {
      "textures": "textures/items/egg_mouse"
    },
    "gallardo": {
      "textures": "textures/items/gallardo"
    },
    "bench": {
      "textures": "textures/items/bench"
    },
    "christmas_tree": {
      "textures": "textures/items/christmas_tree"
    },
    "tivi": {
      "textures": "textures/items/tivi"
    },
    "closet": {
      "textures": "textures/items/closet"
    },
    "laptop": {
      "textures": "textures/items/laptop"
    },
    "piano": {
      "textures": "textures/items/piano"
    },
    "armchairs": {
      "textures": "textures/items/armchairs"
    },
    "chair": {
      "textures": "textures/items/chair"
    },
    "big_table": {
      "textures": "textures/items/big_table"
    },
    "small_table": {
      "textures": "textures/items/small_table"
    },
    "drone": {
      "textures": "textures/items/drone"
    },
    "colorful_gifts": {
      "textures": "textures/items/colorful_gifts"
    },
    "sp:e17": {
      "textures": "textures/items/pamobile/sp_e17"
    },
    "sp:m12_21": {
      "textures": "textures/items/pamobile/sp_m12_21"
    },
    "sp:fearsome": {
      "textures": "textures/items/pamobile/sp_fearsome"
    },
    "sp:eti_derose": {
      "textures": "textures/items/pamobile/sp_eti_derose"
    },
    "sp_space_suit": {
      "textures": [
        "textures/items/pamobile/sp_space_suit"
      ]
    },
    "sp_space_boots": {
      "textures": [
        "textures/items/pamobile/sp_space_boots"
      ]
    },
    "sp_pants": {
      "textures": [
        "textures/items/pamobile/sp_pants"
      ]
    },
    "sp_space_helmet": {
      "textures": [
        "textures/items/pamobile/sp_space_helmet"
      ]
    },
    "sp_swordofpower": {
      "textures": "textures/items/pamobile/sp_swordofpower"
    },
    "sp:evil": {
      "textures": "textures/items/pamobile/sp_evil"
    },
    "sp:alien_queen": {
      "textures": "textures/items/pamobile/sp_alien_queen"
    },
    "sp:militar_alien": {
      "textures": "textures/items/pamobile/sp_militar_alien"
    }
  }
}