{
	"format_version": [
		1,
		1,
		0
	],
	"cosmo:moon_rock": {
		"textures": "cosmo_moon_rock",
		"sound": "stone"
	},
	"cosmo:oil": {
		"sound": "honey_block"
	},
	"cosmo:mars_rock": {
		"textures": "cosmo_mars_rock",
		"sound": "stone"
	},
	"cosmo:basin_empty": {
		"sound": "stone"
	},
	"cosmo:basin_molten_iron": {
		"sound": "stone"
	},
	"cosmo:basin_metal_sheet": {
		"sound": "stone"
	},
	"cosmo:basin_iron_ingot": {
		"sound": "stone"
	},
	"cosmo:rocket_table": {
		"sound": "metal"
	},
	"cosmo:mars_soil": {
		"textures": "cosmo_mars_soil",
		"sound": "stone"
	}
}