[
 {
    "flipbook_texture": "textures/blocks/vent_fan",
    "atlas_tile": "vent_fan",
    "ticks_per_frame": 0.5,
    "blend_frames" : false
 },
 {
    "flipbook_texture": "textures/blocks/bflower_pot_side",
    "atlas_tile": "bflower_pot_side",
    "ticks_per_frame": 12,
    "blend_frames" : false
 },
  {
    "flipbook_texture": "textures/blocks/magma_quartz",
    "atlas_tile": "magma_quartz",
    "ticks_per_frame": 10,
    "blend_frames": true
  },
  {
    "flipbook_texture": "textures/blocks/magma_cob",
    "atlas_tile": "magma_cob",
    "ticks_per_frame": 10,
    "blend_frames": true
  }
]