{
  "resource_pack_name": "vanilla",
  "texture_name": "atlas.terrain",
  "padding": 8,
  "num_mip_levels": 4,
  "texture_data": {
    "vent1_top": { "textures": [ "textures/blocks/vent1_top" ] },
    "sugar_cane_block": { "textures": [ "textures/blocks/sugar_cane_block" ] },
    "sugar_cane_block_top": { "textures": [ "textures/blocks/sugar_cane_block_top" ] },
    "crate": { "textures": [ "textures/blocks/crate" ] },
    "beetroot_crate_top": { "textures": [ "textures/blocks/beetroot_crate_top" ] },
    "beetroot_crate_side": { "textures": [ "textures/blocks/beetroot_crate_side" ] },
    "nailed_crate": { "textures": [ "textures/blocks/nailed_crate" ] },
    "beetroot_crate": { "textures": [ "textures/blocks/beetroot_crate" ] },
    "warped_bookshelf": { "textures": [ "textures/blocks/warped_bookshelf" ] },
    "jungle_bookshelf": { "textures": [ "textures/blocks/jungle_bookshelf" ] },
    "dark_oak_bookshelf": { "textures": [ "textures/blocks/dark_oak_bookshelf" ] },
    "crimson_bookshelf": { "textures": [ "textures/blocks/crimson_bookshelf" ] },
    "birch_bookshelf": { "textures": [ "textures/blocks/birch_bookshelf" ] },
    "acacia_bookshelf": { "textures": [ "textures/blocks/acacia_bookshelf" ] },
    "vent1_bottom": { "textures": [ "textures/blocks/vent1_bottom" ] },
    "vent1_side": { "textures": [ "textures/blocks/vent1_side" ] },
    "office_vent_top": { "textures": [ "textures/blocks/office_vent_top" ] },
    "blue_nether_bricks": { "textures": [ "textures/blocks/blue_nether_bricks" ] },
    "concrete_pale_green": { "textures": [ "textures/blocks/concrete_pale_green" ] },
    "diorite_tile": { "textures": [ "textures/blocks/diorite_tile" ] },
    "magma_cob": { "textures": [ "textures/blocks/magma_cob" ] },
    "marble_smooth_tile": { "textures": [ "textures/blocks/marble_smooth_tile" ] },
    "planks_spruce_polished": { "textures": [ "textures/blocks/planks_spruce_polished" ] },
    "spruce_bookshelf": { "textures": [ "textures/blocks/spruce_bookshelf" ] },
    "stone_tile_granulated": { "textures": [ "textures/blocks/stone_tile_granulated" ] },
    "sugarcane_block": { "textures": [ "textures/blocks/sugarcane_block" ] },
    "office_vent_bottom": { "textures": [ "textures/blocks/office_vent_bottom" ] },
    "office_vent_side": { "textures": [ "textures/blocks/office_vent_side" ] },
    "celllight": { "textures": [ "textures/blocks/celllight" ] },
    "celllight_off": { "textures": [ "textures/blocks/celllight_off" ] },
    "green_celllight": { "textures": [ "textures/blocks/green_celllight" ] },
    "green_celllight_off": { "textures": [ "textures/blocks/green_celllight_off" ] },
    "red_celllight": { "textures": [ "textures/blocks/red_celllight" ] },
    "red_celllight_off": { "textures": [ "textures/blocks/red_celllight_off" ] },
    "hardened_concrete": { "textures": [ "textures/blocks/hardened_concrete" ] },
    "nailed_hardened_concrete": { "textures": [ "textures/blocks/nailed_hardened_concrete" ] },
    "aqua_double_tile": { "textures": [ "textures/blocks/aqua_double_tile" ] },
    "vent": { "textures": [ "textures/blocks/vent" ] },
    "compressed_cobblestone": { "textures": [ "textures/blocks/compressed_cobblestone" ] },
    "office_ceiling": { "textures": [ "textures/blocks/office_ceiling" ] },
    "office_neon": { "textures": [ "textures/blocks/office_neon" ] },
    "office_neon_semioff": { "textures": [ "textures/blocks/office_neon_semioff" ] },
    "office_neon_off": { "textures": [ "textures/blocks/office_neon_off" ] },
    "office_carpet": { "textures": [ "textures/blocks/office_carpet" ] },
    "office_light": { "textures": [ "textures/blocks/office_light" ] },
    "white_bricks": { "textures": [ "textures/blocks/white_bricks" ] },
    "blue_bricks": { "textures": [ "textures/blocks/blue_bricks" ] },
    "pale_crimson_bricks": { "textures": [ "textures/blocks/pale_crimson_bricks" ] },
    "snowy_pale_crimson_bricks_top": { "textures": [ "textures/blocks/snowy_pale_crimson_bricks_top" ] },
    "snowy_pale_crimson_bricks_bottom": { "textures": [ "textures/blocks/snowy_pale_crimson_bricks_bottom" ] },
    "snowy_pale_crimson_bricks_side": { "textures": [ "textures/blocks/snowy_pale_crimson_bricks_side" ] },
    "office_blue_carpet": { "textures": [ "textures/blocks/office_blue_carpet" ] },
    "office_white_carpet": { "textures": [ "textures/blocks/office_white_carpet" ] },
    "wall_design": { "textures": [ "textures/blocks/wall_design" ] },
    "cold_stone_tile": { "textures": [ "textures/blocks/cold_stone_tile" ] },
    "flowerwall": { "textures": [ "textures/blocks/flowerwall" ] },
    "industrial_block": { "textures": [ "textures/blocks/industrial_block" ] },
    "aqua_quad_tile": { "textures": [ "textures/blocks/aqua_quad_tile" ] },
    "white_double_tile": { "textures": [ "textures/blocks/white_double_tile" ] },
    "gold_cast_emerald_block": { "textures": [ "textures/blocks/gold_cast_emerald_block" ] },
    "vent_fan": { "textures": [ "textures/blocks/vent_fan" ] },
    "chess_tile": { "textures": [ "textures/blocks/chess_tile" ] },
    "neon_lamp": { "textures": [ "textures/blocks/neon_lamp" ] },
    "white_wood_bookshelf_side": { "textures": [ "textures/blocks/white_wood_bookshelf_side" ] },
    "white_wood_bookshelf_bottom": { "textures": [ "textures/blocks/white_wood_bookshelf_bottom" ] },
    "white_wood_bookshelf_top": { "textures": [ "textures/blocks/white_wood_bookshelf_top" ] },
    "ashbrick": { "textures": [ "textures/blocks/ashbrick" ] },
    //PLANKS--------------------------------------------------------------
    "white_wood_planks": { "textures": [ "textures/blocks/white_wood_planks" ] },
    "red_planks": { "textures": [ "textures/blocks/red_planks" ] },
    "blue_planks": { "textures": [ "textures/blocks/blue_planks" ] },
    "yellow_planks": { "textures": [ "textures/blocks/yellow_planks" ] },
    "black_planks": { "textures": [ "textures/blocks/black_planks" ] },
    "green_planks": { "textures": [ "textures/blocks/green_planks" ] },
    "gray_planks": { "textures": [ "textures/blocks/gray_planks" ] },
    "bamboo_wood_planks": { "textures": [ "textures/blocks/bamboo_wood_planks" ] },
    "dead_wood_planks": { "textures": [ "textures/blocks/dead_wood_planks" ] },
    "amber_planks": { "textures": [ "textures/blocks/amber_planks" ] },
    "smooth_dark_oak": { "textures": [ "textures/blocks/smooth_dark_oak" ] },
    "smooth_dark_oak_up": { "textures": [ "textures/blocks/smooth_dark_oak_up" ] },
    "smooth_spruce": { "textures": [ "textures/blocks/smooth_spruce" ] },
    "smooth_spruce_up": { "textures": [ "textures/blocks/smooth_spruce_up" ] },
    //--------------------------------------------------------------------
    "fresh_brick_black": { "textures": [ "textures/blocks/fresh_brick_black" ] },
    "fresh_brick_blue": { "textures": [ "textures/blocks/fresh_brick_blue" ] },
    "fresh_brick_brown": { "textures": [ "textures/blocks/fresh_brick_brown" ] },
    "fresh_brick_cyan": { "textures": [ "textures/blocks/fresh_brick_cyan" ] },
    "fresh_brick_gray": { "textures": [ "textures/blocks/fresh_brick_gray" ] },
    "fresh_brick_green": { "textures": [ "textures/blocks/fresh_brick_green" ] },
    "fresh_brick_light_blue": { "textures": [ "textures/blocks/fresh_brick_light_blue" ] },
    "fresh_brick_light_gray": { "textures": [ "textures/blocks/fresh_brick_light_gray" ] },
    "fresh_brick_lime": { "textures": [ "textures/blocks/fresh_brick_lime" ] },
    "fresh_brick_magenta": { "textures": [ "textures/blocks/fresh_brick_magenta" ] },
    "fresh_brick_orange": { "textures": [ "textures/blocks/fresh_brick_orange" ] },
    "fresh_brick_pink": { "textures": [ "textures/blocks/fresh_brick_pink" ] },
    "fresh_brick_purple": { "textures": [ "textures/blocks/fresh_brick_purple" ] },
    "fresh_brick_red": { "textures": [ "textures/blocks/fresh_brick_red" ] },
    "fresh_brick_white": { "textures": [ "textures/blocks/fresh_brick_white" ] },
    "fresh_brick_yellow": { "textures": [ "textures/blocks/fresh_brick_yellow" ] },
    "silk_brick": { "textures": [ "textures/blocks/silk_brick" ] },
    "silk_brick2": { "textures": [ "textures/blocks/silk_brick2" ] },
    "diorite_tile": { "textures": [ "textures/blocks/diorite_tile" ] },
    "marblesand_tile": { "textures": [ "textures/blocks/marblesand_tile" ] },
    "sandstone_pillar": { "textures": [ "textures/blocks/sandstone_pillar" ] },
    "sandy_concrete": { "textures": [ "textures/blocks/sandy_concrete" ] },
    "spottedstone_tile": { "textures": [ "textures/blocks/spottedstone_tile" ] },
    "wallpaper_bottom": { "textures": [ "textures/blocks/wallpaper_bottom" ] },
    "wallpaper_top": { "textures": [ "textures/blocks/wallpaper_top" ] },
    "pooltile": { "textures": [ "textures/blocks/pooltile" ] },
    "bflower_pot_side": { "textures": [ "textures/blocks/bflower_pot_side" ] },
    "bflower_pot_bottom": { "textures": [ "textures/blocks/bflower_pot_bottom" ] },
    "bflower_pot_top": { "textures": [ "textures/blocks/bflower_pot_top" ] },
    "cabinet_side": { "textures": [ "textures/blocks/cabinet_side" ] },
    "cabinet_bottom": { "textures": [ "textures/blocks/cabinet_bottom" ] },
    "cabinet_top": { "textures": [ "textures/blocks/cabinet_top" ] },
    "gold_brick": { "textures": [ "textures/blocks/gold_brick" ] },
    "diamond_brick": { "textures": [ "textures/blocks/diamond_brick" ] },
    "crimson_blood_brick": { "textures": [ "textures/blocks/crimson_blood_brick" ] },
    "gold_cast_lapis_block": { "textures": [ "textures/blocks/gold_cast_lapis_block" ] },
    "magma_quartz": { "textures": [ "textures/blocks/magma_quatrz" ] },
    "seared_brick": { "textures": [ "textures/blocks/seared_brick" ] },
    "smooth_glowstone": { "textures": [ "textures/blocks/smooth_glowstone" ] },
    "concrete_brick_left": { "textures": [ "textures/blocks/concrete_brick_left" ] },
    "concrete_brick_right": { "textures": [ "textures/blocks/concrete_brick_right" ] },
    "pooltile_brown": { "textures": [ "textures/blocks/pooltile_brown" ] },
    "brick_tile": { "textures": [ "textures/blocks/brick_tile" ] },
    "wood_floor_tile": { "textures": [ "textures/blocks/wood_floor_tile" ] },
    "wood_floor_tile2": { "textures": [ "textures/blocks/wood_floor_tile2" ] },
    "pale_ashbrick": { "textures": [ "textures/blocks/pale_ashbrick" ] },
    "smokey_concrete1": { "textures": [ "textures/blocks/smokey_concrete1" ] },
    "smokey_concrete2": { "textures": [ "textures/blocks/smokey_concrete2" ] },
    "fresh_brick": { "textures": [ "textures/blocks/fresh_brick" ] },
    "black_quartz": { "textures": [ "textures/blocks/black_quartz" ] },
    "smooth_black_quartz": { "textures": [ "textures/blocks/smooth_black_quartz" ] },
    "black_quartz_chiseled1": { "textures": [ "textures/blocks/black_quartz_chiseled1" ] },
    "black_quartz_chiseled2": { "textures": [ "textures/blocks/black_quartz_chiseled2" ] },
    //ROAD--------------------------------------------------------------------------------------------------------------
    "concrete_road_connector1": { "textures": [ "textures/blocks/concrete_road_connector1" ] },
    "concrete_road_connector2": { "textures": [ "textures/blocks/concrete_road_connector2" ] },
    "concrete_road_connector3": { "textures": [ "textures/blocks/concrete_road_connector3" ] },
    "concrete_road_connector4": { "textures": [ "textures/blocks/concrete_road_connector4" ] },
    "concrete_road_connector5": { "textures": [ "textures/blocks/concrete_road_connector5" ] },
    "concrete_road_straight_white_line1": { "textures": [ "textures/blocks/concrete_road_straight_white_line1" ] },
    "concrete_road_straight_white_line2": { "textures": [ "textures/blocks/concrete_road_straight_white_line2" ] },
    "concrete_road_corner1": { "textures": [ "textures/blocks/concrete_road_corner1" ] },
    "concrete_road_corner2": { "textures": [ "textures/blocks/concrete_road_corner2" ] },
    "concrete_road_corner3": { "textures": [ "textures/blocks/concrete_road_corner3" ] },
    "concrete_road_corner4": { "textures": [ "textures/blocks/concrete_road_corner4" ] },
    "concrete_powder_gray": { "textures": [ "textures/blocks/concrete_powder_gray" ] }
    //------------------------------------------------------------------------------------------------------------------
  }
}