{
  "format_version": "1.12",
  "minecraft:recipe_shaped": {
    "description": {
      "identifier": "e17_112a4724"
    },
    "tags": [
      "crafting_table"
    ],
    "pattern": [
      "A B",
      "CDA",
      " EA"
    ],
    "key": {
      "A": {
        "item": "minecraft:iron_ingot",
        "data": 0
      },
      "B": {
        "item": "minecraft:gold_ingot",
        "data": 0
      },
      "C": {
        "item": "minecraft:redstone",
        "data": 0
      },
      "D": {
        "item": "minecraft:fireball",
        "data": 0
      },
      "E": {
        "item": "minecraft:tripwire_hook",
        "data": 0
      }
    },
    "result": {
      "item": "sp:e17",
      "count": 1
    }
  }
}