{
  "format_version": "1.12",
  "minecraft:recipe_shaped": {
    "description": {
      "identifier": "eti_derose_bd206acf"
    },
    "tags": [
      "crafting_table"
    ],
    "pattern": [
      "AB ",
      " CD",
      " EF"
    ],
    "key": {
      "A": {
        "item": "minecraft:gold_ingot",
        "data": 0
      },
      "B": {
        "item": "minecraft:glass_pane",
        "data": 0
      },
      "C": {
        "item": "sp:e17",
        "data": 0
      },
      "D": {
        "item": "minecraft:redstone",
        "data": 0
      },
      "E": {
        "item": "minecraft:iron_ingot",
        "data": 0
      },
      "F": {
        "item": "minecraft:diamond",
        "data": 0
      }
    },
    "result": {
      "item": "sp:eti_derose",
      "count": 1
    }
  }
}