{
  "format_version": "1.12",
  "minecraft:recipe_shaped": {
    "description": {
      "identifier": "m12_21_7f80812c"
    },
    "tags": [
      "crafting_table"
    ],
    "pattern": [
      "AB ",
      "CDE",
      " FA"
    ],
    "key": {
      "A": {
        "item": "sp:e17",
        "data": 0
      },
      "B": {
        "item": "minecraft:redstone",
        "data": 0
      },
      "C": {
        "item": "minecraft:stick",
        "data": 0
      },
      "D": {
        "item": "minecraft:iron_ingot",
        "data": 0
      },
      "E": {
        "item": "minecraft:glass_pane",
        "data": 0
      },
      "F": {
        "item": "minecraft:lever",
        "data": 0
      }
    },
    "result": {
      "item": "sp:m12_21",
      "count": 1
    }
  }
}