{
  "format_version": "1.12",
  "minecraft:recipe_shaped": {
    "description": {
      "identifier": "space_helmet_89232204"
    },
    "tags": [
      "crafting_table"
    ],
    "pattern": [
      " A ",
      "B B",
      "C C"
    ],
    "key": {
      "A": {
        "item": "minecraft:redstone",
        "data": 0
      },
      "B": {
        "item": "minecraft:iron_ingot",
        "data": 0
      },
      "C": {
        "item": "minecraft:gold_ingot",
        "data": 0
      }
    },
    "result": {
      "item": "sp:space_helmet",
      "count": 1
    }
  }
}