{
	"format_version": "1.10.0",
	"animation_controllers": {
		"controller.animation.bridge_drill.execute_commands": {
			"states": {
				"default": {
					"transitions": [
						{
							"execute_command_id_1": "query.skin_id == 1"
						}
					]
				},
				"execute_command_id_1": {
					"transitions": [
						{
							"default": "query.skin_id != 1"
						}
					],
					"on_entry": [
						"/fill ~ ~-1 ~ ~ ~-1 ~ air 0 replace stone",
						"/fill ~ ~-1 ~ ~ ~-1 ~ air 0 replace space:moon_middle",
						"/fill ~ ~-1 ~ ~ ~-1 ~ air 0 replace space:mars_middle",
						"/fill ~ ~-1 ~ ~ ~-1 ~ air 0 replace space:venus_middle",
						"/fill ~ ~-1 ~ ~ ~-1 ~ air 0 replace space:mercury_middle",
						"@s bridge:remove_command_id_1"
					]
				}
			}
		}
	}
}